이름,ticker,비율,타율,방치
삼성전자 KOSPI,a005930,0.19,0.52,5.36
에코프로 KOSDAQ,a086520,0.21,0.33,5.06
알테오젠 KOSDAQ,a196170,0.12,0.46,10.56
에코프로비엠 KOSDAQ,a247540,0.55,0.36,2.10
SK하이닉스 KOSPI,a000660,0.04,0.54,25.03
HLB KOSDAQ,a028300,0.68,0.38,1.49
LG에너지솔루션 KOSPI,a373220,1.15,0.49,0.87
현대차 KOSPI,a005380,0.24,0.53,4.57
엘앤에프 KOSPI,a066970,1.27,0.34,0.81
펩트론 KOSDAQ,a087010,0.03,0.29,38.64
삼성바이오로직스 KOSPI,a207940,0.65,0.29,1.53
SK스퀘어 KOSPI,a402340,0.04,0.54,32.00
삼천당제약 KOSDAQ,a000250,0.09,0.33,11.34
포스코DX KOSPI,a022100,0.19,0.43,5.86
파마리서치 KOSDAQ,a214450,0.19,0.23,4.90
레인보우로보틱스 KOSDAQ,a277810,0.05,0.32,23.66
카카오게임즈 KOSDAQ,a293490,3.84,0.23,0.25
에이비엘바이오 KOSDAQ,a298380,0.17,0.45,5.83
POSCO홀딩스 KOSPI,a005490,0.56,0.32,1.80
삼성SDI KOSPI,a006400,0.99,0.41,1.02
한화에어로스페이스 KOSPI,a012450,0.07,0.53,19.06
JYP Ent. KOSDAQ,a035900,0.95,0.24,1.06
LG화학 KOSPI,a051910,1.55,0.44,0.66
KB금융 KOSPI,a105560,0.31,0.31,3.33
리가켐바이오 KOSDAQ,a141080,0.24,0.48,4.50
클래시스 KOSDAQ,a214150,0.34,0.44,3.07
엔켐 KOSDAQ,a348370,1.82,0.33,0.51
HPSP KOSDAQ,a403870,0.31,0.41,3.36
undefined,a950160,1.00,NaN,1.00
기아 KOSPI,a000270,0.40,0.37,2.60
리노공업 KOSDAQ,a058470,1.46,0.42,0.70
셀트리온 KOSPI,a068270,0.98,0.49,1.08
셀트리온제약 KOSDAQ,a068760,1.42,0.49,0.81
휴젤 KOSDAQ,a145020,0.45,0.37,2.24
두산에너빌리티 KOSPI,a034020,0.13,0.50,8.25
에스엠 KOSDAQ,a041510,0.89,0.28,1.14
펄어비스 KOSDAQ,a263750,0.93,0.29,1.08
HD현대중공업 KOSPI,a329180,0.17,0.47,6.69
삼성물산 KOSPI,a028260,0.26,0.50,3.91
NAVER KOSPI,a035420,0.71,0.35,1.50
주성엔지니어링 KOSDAQ,a036930,0.07,0.40,16.39
스튜디오드래곤 KOSDAQ,a253450,2.50,0.24,0.38
신성델타테크 KOSDAQ,a065350,0.22,0.43,4.71
케어젠 KOSDAQ,a214370,0.25,0.40,4.73
천보 KOSDAQ,a278280,4.30,0.32,0.23
카카오 KOSPI,a035720,1.07,0.24,0.88
이오테크닉스 KOSDAQ,a039030,0.16,0.46,6.96
신한지주 KOSPI,a055550,0.38,0.39,2.65
루닛 KOSDAQ,a328130,0.57,0.23,1.67
포스코퓨처엠 KOSPI,a003670,0.93,0.39,1.26
고려아연 KOSPI,a010130,0.51,0.51,2.27
원익IPS KOSDAQ,a240810,0.27,0.40,3.95
로보티즈 KOSDAQ,a108490,0.08,0.34,13.42
실리콘투 KOSDAQ,a257720,0.07,0.29,14.73
undefined,a417200,1.00,NaN,1.00
삼성전기 KOSPI,a009150,0.06,0.39,17.49
현대모비스 KOSPI,a012330,0.26,0.38,3.92
CJ ENM KOSDAQ,a035760,1.85,0.30,0.54
위메이드 KOSDAQ,a112040,2.68,0.40,0.37
보로노이 KOSDAQ,a310210,0.07,0.52,17.57
undefined,a347850,1.00,NaN,1.00
undefined,a0009k0,1.00,NaN,1.00
삼성생명 KOSPI,a032830,0.18,0.50,5.93
한화오션 KOSPI,a042660,0.14,0.47,7.89
ISC KOSDAQ,a095340,0.17,0.44,6.62
솔브레인 KOSDAQ,a357780,0.58,0.29,1.84
더블유씨피 KOSDAQ,a393890,2.69,0.38,0.36
메리츠금융지주 KOSPI,a138040,0.20,0.41,5.02
메지온 KOSDAQ,a140410,0.20,0.37,5.08
동진쎄미켐 KOSDAQ,a005290,0.58,0.33,1.80
LG전자 KOSPI,a066570,0.27,0.31,3.77
테크윙 KOSDAQ,a089030,0.12,0.29,8.48
에스티팜 KOSDAQ,a237690,0.61,0.30,1.63
네이처셀 KOSDAQ,a007390,0.66,0.39,1.86
씨젠 KOSDAQ,a096530,0.98,0.39,1.02
SK이노베이션 KOSPI,a096770,1.25,0.46,0.79
성일하이텍 KOSDAQ,a365340,2.04,0.37,0.49
HD한국조선해양 KOSPI,a009540,0.17,0.50,6.14
다우데이타 KOSDAQ,a032190,0.70,0.23,1.36
대주전자재료 KOSDAQ,a078600,0.59,0.31,1.77
하나금융지주 KOSPI,a086790,0.35,0.29,2.93
넥슨게임즈 KOSDAQ,a225570,1.34,0.31,0.76
HD현대일렉트릭 KOSPI,a267260,0.03,0.36,32.08
undefined,a440110,1.00,NaN,1.00
미래에셋증권 KOSPI,a006800,0.11,0.59,10.15
한국전력 KOSPI,a015760,0.43,0.25,2.37
우리기술 KOSDAQ,a032820,0.10,0.42,11.75
SK KOSPI,a034730,0.31,0.38,3.31
메디톡스 KOSDAQ,a086900,1.02,0.44,0.95
나노신소재 KOSDAQ,a121600,1.28,0.40,0.79
크래프톤 KOSPI,a259960,0.67,0.33,1.48
레이크머티리얼즈 KOSDAQ,a281740,0.32,0.31,3.31
undefined,a450080,1.00,NaN,1.00
삼성화재 KOSPI,a000810,0.38,0.53,2.88
LS ELECTRIC KOSPI,a010120,0.23,0.27,4.74
HMM KOSPI,a011200,0.93,0.36,1.06
파라다이스 KOSPI,a034230,1.01,0.31,1.01
젬백스 KOSDAQ,a082270,0.81,0.27,1.23
LG KOSPI,a003550,0.53,0.30,1.87
대한광통신 KOSDAQ,a010170,0.12,0.30,8.71
삼성에스디에스 KOSPI,a018260,0.41,0.61,2.53
포스코인터내셔널 KOSPI,a047050,0.32,0.45,3.24
올릭스 KOSDAQ,a226950,0.16,0.37,9.09
하림지주 KOSDAQ,a003380,0.58,0.41,1.70
원익홀딩스 KOSDAQ,a030530,0.12,0.36,8.44
현대로템 KOSPI,a064350,0.13,0.48,8.71
HLB생명과학 KOSDAQ,a067630,3.23,0.26,0.30
현대무벡스 KOSDAQ,a319400,0.08,0.51,14.39
KT&G KOSPI,a033780,0.51,0.52,1.98
한미반도체 KOSPI,a042700,0.05,0.39,23.94
파크시스템스 KOSDAQ,a140860,0.41,0.42,2.54
서진시스템 KOSDAQ,a178320,0.20,0.59,5.23
심텍 KOSDAQ,a222800,0.33,0.34,3.30
카카오뱅크 KOSPI,a323410,0.72,0.29,1.40
undefined,a475830,1.00,NaN,1.00
하나마이크론 KOSDAQ,a067310,0.30,0.37,3.71
와이지엔터테인먼트 KOSDAQ,a122870,0.95,0.23,1.05
효성중공업 KOSPI,a298040,0.02,0.58,74.83
에코프로에이치엔 KOSDAQ,a383310,1.81,0.34,0.62
삼성중공업 KOSPI,a010140,0.20,0.44,5.62
브이티 KOSDAQ,a018290,0.39,0.21,2.54
솔브레인홀딩스 KOSDAQ,a036830,0.47,0.36,2.19
성호전자 KOSDAQ,a043260,0.04,0.36,23.94
에스에프에이 KOSDAQ,a056190,1.38,0.40,0.71
오스코텍 KOSDAQ,a039200,0.46,0.52,2.39
피엔티 KOSDAQ,a137400,0.90,0.41,1.19
현대사료 KOSDAQ,a016790,0.71,0.25,1.35
SK텔레콤 KOSPI,a017670,0.48,0.27,2.07
LG생활건강 KOSPI,a051900,2.04,0.39,0.48
티씨케이 KOSDAQ,a064760,0.43,0.49,2.50
한화시스템 KOSPI,a272210,0.12,0.46,9.55
우리금융지주 KOSPI,a316140,0.39,0.48,2.63
하이브 KOSPI,a352820,0.51,0.23,1.93
동화기업 KOSDAQ,a025900,3.03,0.80,0.35
undefined,a051980,0.31,NaN,3.24
유진테크 KOSDAQ,a084370,0.21,0.56,5.29
제이앤티씨 KOSDAQ,a204270,0.25,0.30,4.50
에스피지 KOSDAQ,a058610,0.15,0.43,7.15
undefined,a372170,1.00,NaN,1.00
유한양행 KOSPI,a000100,0.66,0.40,1.56
S-Oil KOSPI,a010950,0.80,0.32,1.29
기업은행 KOSPI,a024110,0.50,0.50,2.02
비에이치아이 KOSDAQ,a083650,0.07,0.33,14.74
SK오션플랜트 KOSPI,a100090,1.03,0.23,0.88
피에스케이홀딩스 KOSDAQ,a031980,0.07,0.27,14.81
엔씨소프트 KOSPI,a036570,1.37,0.39,0.76
현대바이오 KOSDAQ,a048410,1.75,0.26,0.55
HK이노엔 KOSDAQ,a195940,0.79,0.37,1.27
두산 KOSPI,a000150,0.04,0.29,25.91
대한항공 KOSPI,a003490,0.82,0.50,1.23
KT KOSPI,a030200,0.71,0.63,1.47
케이엠더블유 KOSDAQ,a032500,0.79,0.38,1.42
카페24 KOSDAQ,a042000,0.52,0.30,2.10
SOOP KOSDAQ,a067160,1.59,0.35,0.66
고영 KOSDAQ,a098460,0.37,0.42,2.91
미래에셋벤처투자 KOSDAQ,a100790,0.09,0.39,11.48
와이씨 KOSDAQ,a232140,0.24,0.44,4.90
디어유 KOSDAQ,a376300,1.15,0.39,0.89
피에스케이 KOSDAQ,a319660,0.17,0.39,6.04
한화솔루션 KOSPI,a009830,1.43,0.40,0.69
바이오니아 KOSDAQ,a064550,3.12,0.32,0.34
undefined,a476830,1.00,NaN,1.00
제룡전기 KOSDAQ,a033100,0.17,0.48,6.49
undefined,a160190,1.00,NaN,1.00
undefined,a437730,1.00,NaN,1.00
HD현대 KOSPI,a267250,0.21,0.48,4.92
undefined,a0126z0,1.00,NaN,1.00
현대글로비스 KOSPI,a086280,0.68,0.41,1.52
아모레퍼시픽 KOSPI,a090430,0.80,0.30,1.28
HLB테라퓨틱스 KOSDAQ,a115450,2.37,0.38,0.41
undefined,a445680,1.00,NaN,1.00
두산테스나 KOSDAQ,a131970,0.16,0.43,6.41
undefined,a215600,3.57,NaN,0.28
카카오페이 KOSPI,a377300,0.71,0.31,1.39
비츠로셀 KOSDAQ,a082920,0.24,0.42,4.39
금양 KOSPI,a001570,0.39,0.30,2.33
포스코엠텍 KOSDAQ,a009520,0.38,0.17,2.40
LIG넥스원 KOSPI,a079550,0.12,0.39,8.84
undefined,a418550,1.00,NaN,1.00
현대건설 KOSPI,a000720,0.23,0.36,4.32
에스앤에스텍 KOSDAQ,a101490,0.37,0.32,2.63
RFHIC KOSDAQ,a218410,0.24,0.44,4.56
엘앤씨바이오 KOSDAQ,a290650,0.30,0.32,3.49
LG이노텍 KOSPI,a011070,0.21,0.30,5.16
하이드로리튬 KOSDAQ,a101670,5.40,0.20,0.15
덕산네오룩스 KOSDAQ,a213420,1.01,0.33,1.01
라이프시맨틱스 KOSDAQ,a347700,0.09,0.27,10.83
롯데케미칼 KOSPI,a011170,1.69,0.35,0.59
태성 KOSDAQ,a323280,0.03,0.41,42.36
LS마린솔루션 KOSDAQ,a060370,0.16,0.34,6.10
차바이오텍 KOSDAQ,a085660,0.92,0.36,1.06
메가스터디교육 KOSDAQ,a215200,2.04,0.26,0.49
SK바이오사이언스 KOSPI,a302440,1.87,0.46,0.55
SK바이오팜 KOSPI,a326030,0.66,0.39,1.61
undefined,a358570,1.00,NaN,1.00
undefined,a420770,1.00,NaN,1.00
선광 KOSDAQ,a003100,5.44,0.39,0.18
SFA반도체 KOSDAQ,a036540,0.58,0.41,1.81
한국항공우주 KOSPI,a047810,0.27,0.32,3.87
씨앤씨인터내셔널 KOSDAQ,a352480,1.13,0.37,0.92
가온칩스 KOSDAQ,a399720,0.37,0.42,2.99
undefined,a458870,1.00,NaN,1.00
성우하이텍 KOSDAQ,a015750,0.66,0.22,1.42
CJ제일제당 KOSPI,a097950,1.94,0.22,0.49
쎄트렉아이 KOSDAQ,a099320,0.19,0.52,5.54
삼양식품 KOSPI,a003230,0.09,0.43,11.08
에스티큐브 KOSDAQ,a052020,1.28,0.24,0.75
undefined,a078130,1.00,NaN,1.00
SK아이이테크놀로지 KOSPI,a361610,2.37,0.27,0.40
DB손해보험 KOSPI,a005830,0.38,0.23,2.69
안랩 KOSDAQ,a053800,0.94,0.26,1.02
컴투스 KOSDAQ,a078340,2.49,0.33,0.39
원텍 KOSDAQ,a336570,0.35,0.26,2.94
F&F KOSPI,a383220,1.78,0.39,0.55
삼성E&A KOSPI,a028050,0.41,0.26,2.35
제주반도체 KOSDAQ,a080220,0.04,0.30,25.87
필옵틱스 KOSDAQ,a161580,0.20,0.45,5.33
하나머티리얼즈 KOSDAQ,a166090,0.53,0.34,2.00
한진칼 KOSPI,a180640,0.37,0.47,2.87
넷마블 KOSPI,a251270,0.98,0.27,1.01
,a287410,0.58,0.43,1.83
현대오토에버 KOSPI,a307950,0.13,0.43,8.04
undefined,a443060,1.00,NaN,1.00
코스모신소재 KOSPI,a005070,1.15,0.36,0.86
undefined,a491000,1.00,NaN,1.00
LS KOSPI,a006260,0.16,0.57,7.16
코나아이 KOSDAQ,a052400,0.31,0.44,3.61
네오위즈 KOSDAQ,a095660,1.85,0.38,0.55
undefined,a454910,1.00,NaN,1.00
강원랜드 KOSPI,a035250,1.48,0.40,0.66
코스메카코리아 KOSDAQ,a241710,0.10,0.34,10.82
undefined,a278470,1.00,NaN,1.00
이수페타시스 KOSPI,a007660,0.05,0.29,22.40
SKC KOSPI,a011790,0.83,0.54,1.46
LG유플러스 KOSPI,a032640,0.63,0.35,1.56
한국타이어앤테크놀로지 KOSPI,a161390,0.51,0.32,1.93
위지윅스튜디오 KOSDAQ,a299900,11.63,0.33,0.08
LG디스플레이 KOSPI,a034220,0.76,0.39,1.31
한국금융지주 KOSPI,a071050,0.20,0.45,5.10
두산밥캣 KOSPI,a241560,0.45,0.46,2.17
오리온 KOSPI,a271560,0.77,0.32,1.27
유일로보틱스 KOSDAQ,a388720,0.30,0.33,3.43
undefined,a466100,1.00,NaN,1.00
비에이치 KOSPI,a090460,0.79,0.53,1.32
삼표시멘트 KOSDAQ,a038500,0.29,0.26,3.51
HLB제약 KOSDAQ,a047920,1.14,0.34,0.90
엠로 KOSDAQ,a058970,0.48,0.43,2.16
undefined,a088980,1.00,NaN,1.00
아주IB투자 KOSDAQ,a027360,0.22,0.35,4.55
키움증권 KOSPI,a039490,0.20,0.34,4.99
미래나노텍 KOSDAQ,a095500,1.67,0.34,0.60
undefined,a115180,0.29,NaN,3.44
콜마비앤에이치 KOSDAQ,a200130,2.00,0.26,0.48
NH투자증권 KOSPI,a005940,0.30,0.54,3.46
HD현대미포 KOSPI,a010620,0.44,0.39,2.42
성광벤드 KOSDAQ,a014620,0.39,0.27,2.49
NICE평가정보 KOSPI,a030190,0.88,0.39,1.15
씨아이에스 KOSDAQ,a222080,1.05,0.38,0.97
undefined,a460930,1.00,NaN,1.00
코웨이 KOSPI,a021240,0.60,0.35,1.67
아이센스 KOSDAQ,a099190,0.93,0.24,1.05
undefined,a114190,0.62,NaN,1.62
코미코 KOSDAQ,a183300,0.54,0.36,1.82
덕산테코피아 KOSDAQ,a317330,0.87,0.47,1.17
에이프릴바이오 KOSDAQ,a397030,0.10,0.56,11.17
테스 KOSDAQ,a095610,0.15,0.45,7.20
골프존 KOSDAQ,a215000,2.70,0.33,0.37
undefined,a456160,1.00,NaN,1.00
한온시스템 KOSPI,a018880,1.25,0.26,0.76
시노펙스 KOSDAQ,a025320,0.46,0.33,2.14
우리기술투자 KOSDAQ,a041190,0.70,0.40,1.37
대우건설 KOSPI,a047040,0.15,0.37,6.59
휴림로봇 KOSDAQ,a090710,0.48,0.39,2.01
undefined,a486990,1.00,NaN,1.00
대한전선 KOSPI,a001440,0.28,0.25,3.50
코웰패션 KOSDAQ,a033290,2.74,0.55,0.38
티에스이 KOSDAQ,a131290,0.18,0.33,5.42
동성화인텍 KOSDAQ,a033500,0.52,0.42,1.95
undefined,a064400,1.00,NaN,1.00
원익QnC KOSDAQ,a074600,0.80,0.28,1.32
GS KOSPI,a078930,0.63,0.39,1.62
동국제약 KOSDAQ,a086450,0.78,0.38,1.26
,a119860,0.99,0.42,1.05
현대제철 KOSPI,a004020,0.72,0.37,1.38
금호석유 KOSPI,a011780,1.04,0.47,1.02
삼성카드 KOSPI,a029780,0.65,0.48,1.53
유진로봇 KOSDAQ,a056080,0.23,0.38,5.04
리튬포어스 KOSDAQ,a073570,5.56,0.00,0.18
인텔리안테크 KOSDAQ,a189300,0.47,0.48,2.23
한화 KOSPI,a000880,0.20,0.47,5.51
삼성증권 KOSPI,a016360,0.26,0.41,3.95
지씨셀 KOSDAQ,a144510,2.28,0.21,0.43
이오플로우 KOSDAQ,a294090,0.73,0.30,1.42
아난티 KOSDAQ,a025980,1.02,0.28,0.96
이엠텍 KOSDAQ,a091120,4.95,0.31,0.20
양지사 KOSDAQ,a030960,9.00,0.23,0.10
데브시스터즈 KOSDAQ,a194480,3.06,0.38,0.35
에코앤드림 KOSDAQ,a101360,1.83,0.33,0.53
하나기술 KOSDAQ,a299030,2.94,0.33,0.32
이녹스첨단소재 KOSDAQ,a272290,0.95,0.42,1.06
위메이드맥스 KOSDAQ,a101730,4.28,0.37,0.25
undefined,a376900,1.00,NaN,1.00
태웅 KOSDAQ,a044490,0.27,0.34,3.96
디엔에이링크 KOSDAQ,a127120,0.08,0.31,11.58
펌텍코리아 KOSDAQ,a251970,0.43,0.28,2.35
undefined,a389470,1.00,NaN,1.00
바이넥스 KOSDAQ,a053030,1.30,0.35,0.79
undefined,a062040,1.00,NaN,1.00
넥스틴 KOSDAQ,a348210,0.74,0.34,1.40
큐렉소 KOSDAQ,a060280,0.65,0.41,1.61
한미약품 KOSPI,a128940,0.52,0.47,2.08
롯데지주 KOSPI,a004990,1.28,0.34,0.79
셀바스AI KOSDAQ,a108860,0.47,0.36,2.13
아이티센 KOSDAQ,a124500,0.09,0.49,12.06
새로닉스 KOSDAQ,a042600,0.93,0.33,1.01
undefined,a354320,1.00,NaN,1.00
앱클론 KOSDAQ,a174900,0.47,0.39,2.25
HD현대건설기계 KOSPI,a267270,0.29,0.73,4.26
BGF리테일 KOSPI,a282330,1.47,0.23,0.68
undefined,a445090,1.00,NaN,1.00
DB하이텍 KOSPI,a000990,0.24,0.47,4.20
한글과컴퓨터 KOSDAQ,a030520,0.63,0.31,1.55
서울반도체 KOSDAQ,a046890,0.80,0.33,1.26
바이오다인 KOSDAQ,a314930,0.38,0.32,2.73
아모레G KOSPI,a002790,1.05,0.31,0.93
한국가스공사 KOSPI,a036460,0.93,0.36,1.06
에프에스티 KOSDAQ,a036810,0.45,0.36,2.42
아이티엠반도체 KOSDAQ,a084850,2.07,0.12,0.44
지오릿에너지 KOSDAQ,a270520,0.51,0.24,1.93
undefined,a468530,1.00,NaN,1.00
가온전선 KOSPI,a000500,0.05,0.50,22.68
태광 KOSDAQ,a023160,0.45,0.45,2.22
이엔에프테크놀로지 KOSDAQ,a102710,0.55,0.43,1.90
휴마시스 KOSDAQ,a205470,1.48,0.33,0.66
undefined,a462870,1.00,NaN,1.00
동신건설 KOSDAQ,a025950,1.10,0.36,0.87
브이엠 KOSDAQ,a089970,0.23,0.33,4.08
씨에스윈드 KOSPI,a112610,1.20,0.28,0.82
에스디바이오센서 KOSPI,a137310,3.70,0.31,0.27
티앤엘 KOSDAQ,a340570,0.68,0.40,1.56
코난테크놀로지 KOSDAQ,a402030,0.56,0.67,1.86
호텔신라 KOSPI,a008770,1.27,0.32,0.78
웹젠 KOSDAQ,a069080,1.35,0.36,0.74
이마트 KOSPI,a139480,0.95,0.34,1.05
CJ KOSPI,a001040,0.45,0.50,2.30
undefined,a439090,1.00,NaN,1.00
현대해상 KOSPI,a001450,0.91,0.34,1.09
팬오션 KOSPI,a028670,0.77,0.38,1.27
휴온스글로벌 KOSDAQ,a084110,0.66,0.48,1.72
undefined,a287840,1.00,NaN,1.00
엔젤로보틱스 KOSDAQ,a455900,1.00,NaN,1.00
롯데에너지머티리얼즈 KOSPI,a020150,1.09,0.27,1.01
비올 KOSDAQ,a335890,0.17,0.34,6.48
undefined,a388210,1.00,NaN,1.00
한전기술 KOSPI,a052690,0.42,0.33,2.62
JB금융지주 KOSPI,a175330,0.32,0.38,3.39
삼양컴텍 KOSDAQ,a484590,0.99,NaN,1.00
GS리테일 KOSPI,a007070,0.93,0.26,1.07
인탑스 KOSDAQ,a049070,1.50,0.38,0.70
다원시스 KOSDAQ,a068240,5.94,0.26,0.16
선익시스템 KOSDAQ,a171090,0.21,0.39,5.75
유바이오로직스 KOSDAQ,a206650,1.03,0.25,0.93
아이쓰리시스템 KOSDAQ,a214430,0.20,0.25,4.99
박셀바이오 KOSDAQ,a323990,4.95,0.23,0.20
undefined,a476060,1.00,NaN,1.00
코스모화학 KOSPI,a005420,1.63,0.29,0.63
일진전기 KOSPI,a103590,0.05,0.42,22.48
엔케이맥스 KOSDAQ,a182400,3.19,0.25,0.31
세미파이브 KOSDAQ,a490470,1.00,NaN,1.00
,a003410,0.81,0.29,1.24
undefined,a378340,1.00,NaN,1.00
오픈엣지테크놀로지 KOSDAQ,a394280,0.54,0.29,1.84
undefined,a424870,1.00,NaN,1.00
솔트룩스 KOSDAQ,a304100,0.38,0.40,2.96
농심 KOSPI,a004370,0.77,0.41,1.28
undefined,a033790,1.00,NaN,1.00
제넥신 KOSDAQ,a095700,4.14,0.23,0.22
클리오 KOSDAQ,a237880,1.08,0.33,0.93
한미사이언스 KOSPI,a008930,1.03,0.50,1.03
undefined,a053610,0.28,NaN,3.61
undefined,a419530,1.00,NaN,1.00
CJ대한통운 KOSPI,a000120,0.89,0.30,1.06
바텍 KOSDAQ,a043150,1.48,0.27,0.65
비나텍 KOSDAQ,a126340,0.25,0.18,3.80
서부T&D KOSDAQ,a006730,0.57,0.45,1.82
한화엔진 KOSPI,a082740,0.11,0.35,10.39
OCI홀딩스 KOSPI,a010060,0.24,0.40,4.22
휴메딕스 KOSDAQ,a200670,0.77,0.47,1.36
퓨쳐켐 KOSDAQ,a220100,0.59,0.24,1.62
대보마그네틱 KOSDAQ,a290670,6.79,0.17,0.14
뷰노 KOSDAQ,a338220,0.59,0.28,1.62
제일기획 KOSPI,a030000,1.30,0.40,0.77
NHN KCP KOSDAQ,a060250,0.82,0.43,1.46
로보스타 KOSDAQ,a090360,0.19,0.22,5.34
새빗켐 KOSDAQ,a107600,4.75,0.26,0.20
영원무역 KOSPI,a111770,0.58,0.32,1.80
인카금융서비스 KOSDAQ,a211050,0.15,0.50,7.77
undefined,a295310,1.00,NaN,1.00
롯데쇼핑 KOSPI,a023530,0.64,0.34,1.67
한화생명 KOSPI,a088350,0.45,0.42,2.33
넵튠 KOSDAQ,a217270,4.36,0.33,0.22
두산퓨얼셀 KOSPI,a336260,0.30,0.32,3.51
한국정보통신 KOSDAQ,a025770,1.82,0.29,0.55
칩스앤미디어 KOSDAQ,a094360,0.63,0.42,1.77
툴젠 KOSDAQ,a199800,1.25,0.41,0.87
지노믹트리 KOSDAQ,a228760,0.73,0.34,1.51
대덕전자 KOSPI,a353200,0.13,0.41,7.87
동원산업 KOSPI,a006040,1.29,1.00,0.76
동서 KOSPI,a026960,0.84,0.48,1.22
풍산 KOSPI,a103140,0.34,0.48,3.00
아이패밀리에스씨 KOSDAQ,a114840,0.45,0.27,2.25
유티아이 KOSDAQ,a179900,0.86,0.38,1.17
네오셈 KOSDAQ,a253590,0.24,0.31,4.33
KG에코솔루션 KOSDAQ,a151860,1.39,0.27,0.66
undefined,a475960,1.00,NaN,1.00
KCC KOSPI,a002380,0.45,0.47,2.38
제우스 KOSDAQ,a079370,0.69,0.38,1.57
에스원 KOSPI,a012750,0.84,0.35,1.15
한솔케미칼 KOSPI,a014680,0.69,0.39,1.50
undefined,a031210,1.00,NaN,1.00
헬릭스미스 KOSDAQ,a084990,2.26,0.30,0.50
에이디테크놀로지 KOSDAQ,a200710,0.42,0.31,2.47
HL만도 KOSPI,a204320,0.78,0.40,1.34
undefined,a348340,1.00,NaN,1.00
한화비전 KOSPI,a489790,1.00,NaN,1.00
현대엘리베이 KOSPI,a017800,0.31,0.53,3.50
코엔텍 KOSDAQ,a029960,0.88,0.38,1.15
다날 KOSDAQ,a064260,0.88,0.35,1.05
파트론 KOSDAQ,a091700,1.16,0.51,0.86
서울가스 KOSPI,a017390,5.71,0.36,0.17
휠라홀딩스 KOSPI,a081660,0.81,0.31,1.20
상아프론테크 KOSDAQ,a089980,1.13,0.27,0.83
undefined,a458650,1.00,NaN,1.00
쏠리드 KOSDAQ,a050890,0.28,0.50,3.91
GST KOSDAQ,a083450,0.38,0.28,2.63
지엔씨에너지 KOSDAQ,a119850,0.16,0.37,6.59
탑머티리얼 KOSDAQ,a360070,2.79,0.31,0.38
undefined,a389020,1.00,NaN,1.00
undefined,a439260,1.00,NaN,1.00
제이엘케이 KOSDAQ,a322510,0.70,0.18,1.38
undefined,a950130,1.00,NaN,1.00
신세계 KOSPI,a004170,0.40,0.24,2.39
더존비즈온 KOSPI,a012510,0.25,0.36,4.29
HD현대인프라코어 KOSPI,a042670,0.42,0.58,2.75
메드팩토 KOSDAQ,a235980,5.61,0.32,0.18
undefined,a389650,1.00,NaN,1.00
undefined,a448900,1.00,NaN,1.00
감성코퍼레이션 KOSDAQ,a036620,0.34,0.30,3.16
테라사이언스 KOSDAQ,a073640,1.75,0.33,0.60
프레스티지바이오로직스 KOSDAQ,a334970,1.87,0.38,0.54
동운아나텍 KOSDAQ,a094170,0.23,0.22,4.30
자이언트스텝 KOSDAQ,a289220,8.64,0.24,0.11
소룩스 KOSDAQ,a290690,0.55,0.33,2.14
undefined,a372320,1.00,NaN,1.00
한올바이오파마 KOSPI,a009420,0.22,0.35,4.42
에스티아이 KOSDAQ,a039440,0.49,0.38,2.10
HD현대마린엔진 KOSPI,a071970,0.06,0.49,19.94
한텍 KOSDAQ,a098070,1.00,NaN,1.00
바이오플러스 KOSDAQ,a099430,1.12,0.30,0.89
레이 KOSDAQ,a228670,3.23,0.33,0.30
undefined,a417010,1.00,NaN,1.00
현대ADM KOSDAQ,a187660,0.34,0.30,3.04
영풍제지 KOSPI,a006740,0.55,0.33,1.83
메디포스트 KOSDAQ,a078160,0.98,0.31,0.98
코아스템켐온 KOSDAQ,a166480,2.36,0.28,0.39
휴온스 KOSDAQ,a243070,0.99,0.33,0.97
undefined,a469610,1.00,NaN,1.00
효성 KOSPI,a004800,0.37,0.38,2.73
코미팜 KOSDAQ,a041960,0.84,0.29,1.17
코스맥스 KOSPI,a192820,0.29,0.40,3.80
에치에프알 KOSDAQ,a230240,1.01,0.39,1.03
DL이앤씨 KOSPI,a375500,0.46,0.37,2.20
undefined,a425040,1.00,NaN,1.00
대성홀딩스 KOSPI,a016710,13.00,0.23,0.07
SK가스 KOSPI,a018670,0.47,0.41,2.10
아시아나항공 KOSPI,a020560,1.48,0.22,0.66
undefined,a475400,1.00,NaN,1.00
파워로직스 KOSDAQ,a047310,1.22,0.36,0.85
디이엔티 KOSDAQ,a079810,1.96,0.29,0.52
undefined,a036560,1.00,NaN,1.00
미코 KOSDAQ,a059090,0.47,0.41,2.40
엘오티베큠 KOSDAQ,a083310,0.81,0.26,1.20
코오롱생명과학 KOSDAQ,a102940,0.72,0.23,1.39
티로보틱스 KOSDAQ,a117730,0.31,0.28,3.18
디오 KOSDAQ,a039840,1.28,0.30,0.76
RF머트리얼즈 KOSDAQ,a327260,0.13,0.23,7.31
undefined,a483650,1.00,NaN,1.00
한국앤컴퍼니 KOSPI,a000240,0.50,0.42,2.02
GS건설 KOSPI,a006360,0.73,0.40,1.45
디와이피엔에프 KOSDAQ,a104460,4.08,0.24,0.25
HS효성첨단소재 KOSPI,a298050,1.53,0.35,0.68
티엘비 KOSDAQ,a356860,0.17,0.29,6.19
한전KPS KOSPI,a051600,0.61,0.31,1.62
오리엔트정공 KOSDAQ,a065500,0.95,0.28,1.10
HJ중공업 KOSPI,a097230,0.17,0.35,6.17
더네이쳐홀딩스 KOSDAQ,a298540,3.62,0.27,0.26
신영증권 KOSPI,a001720,0.32,0.34,3.20
삼천리 KOSPI,a004690,2.16,0.29,0.45
케이아이엔엑스 KOSDAQ,a093320,0.47,0.35,2.23
모트렉스 KOSDAQ,a118990,2.06,0.28,0.49
에코마케팅 KOSDAQ,a230360,0.89,0.41,1.10
대명에너지 KOSDAQ,a389260,1.32,0.42,0.76
삼아알미늄 KOSPI,a006110,0.40,0.38,2.71
undefined,a003620,1.00,NaN,1.00
금호타이어 KOSPI,a073240,0.65,0.52,1.61
LX세미콘 KOSPI,a108320,1.70,0.39,0.63
셀리버리 KOSDAQ,a268600,1.82,0.60,0.57
영원무역홀딩스 KOSPI,a009970,0.26,0.29,3.76
undefined,a298830,1.00,NaN,1.00
undefined,a457190,1.00,NaN,1.00
한국콜마 KOSPI,a161890,0.38,0.30,2.54
바디텍메드 KOSDAQ,a206640,0.97,0.33,1.04
에스엘 KOSPI,a005850,0.39,0.38,2.61
녹십자 KOSPI,a006280,0.87,0.35,1.16
덴티움 KOSPI,a145720,1.62,0.33,0.61
HB솔루션 KOSDAQ,a297890,1.79,0.44,0.56
하이트진로 KOSPI,a000080,1.52,0.30,0.64
현대위아 KOSPI,a011210,0.70,0.49,1.49
한국기업평가 KOSDAQ,a034950,0.64,0.48,1.56
undefined,a125490,1.00,NaN,1.00
undefined,a279570,1.00,NaN,1.00
SK네트웍스 KOSPI,a001740,0.33,0.31,2.96
오뚜기 KOSPI,a007310,1.26,0.43,0.77
인선이엔티 KOSDAQ,a060150,2.46,0.40,0.41
undefined,a304360,1.00,NaN,1.00
오리엔탈정공 KOSDAQ,a014940,0.46,0.38,2.25
DGB금융지주 KOSPI,a139130,0.43,0.56,2.50
에스에이엠티 KOSDAQ,a031330,0.16,0.33,6.09
대웅제약 KOSPI,a069620,1.22,0.44,0.80
네패스 KOSDAQ,a033640,0.52,0.35,2.01
SM C&C KOSDAQ,a048550,3.21,0.28,0.29
효성티앤씨 KOSPI,a298020,0.80,0.42,1.32
SNT다이내믹스 KOSPI,a003570,0.20,0.41,5.18
골드앤에스 KOSDAQ,a035290,1.55,0.26,0.64
미래에셋생명 KOSPI,a085620,0.19,0.38,5.48
갤럭시아머니트리 KOSDAQ,a094480,0.80,0.30,1.28
브릿지바이오테라퓨틱스 KOSDAQ,a288330,3.50,0.27,0.28
비보존 제약 KOSDAQ,a082800,1.67,0.24,0.57
KH바텍 KOSDAQ,a060720,1.00,0.33,0.99
월덱스 KOSDAQ,a101160,0.80,0.42,1.30
인터로조 KOSDAQ,a119610,1.20,0.31,0.83
undefined,a425420,1.00,NaN,1.00
세아베스틸지주 KOSPI,a001430,0.30,0.42,3.39
켐트로닉스 KOSDAQ,a089010,0.44,0.30,2.31
한중엔시에스 KOSDAQ,a107640,0.22,0.00,4.47
솔루엠 KOSPI,a248070,0.85,0.28,1.17
TCC스틸 KOSPI,a002710,0.59,0.40,1.75
코리안리 KOSPI,a003690,0.42,0.43,2.49
롯데정밀화학 KOSPI,a004000,1.13,0.54,0.96
CJ프레시웨이 KOSDAQ,a051500,1.26,0.26,0.76
undefined,a254490,1.00,NaN,1.00
파이버프로 KOSDAQ,a368770,0.16,0.47,7.18
undefined,a450950,1.00,NaN,1.00
LX인터내셔널 KOSPI,a001120,0.98,0.47,1.04
현대백화점 KOSPI,a069960,0.50,0.33,2.02
롯데칠성 KOSPI,a005300,1.22,0.33,0.83
아미코젠 KOSDAQ,a092040,5.61,0.35,0.18
글로벌텍스프리 KOSDAQ,a204620,0.56,0.46,2.00
매일유업 KOSDAQ,a267980,1.30,0.27,0.74
undefined,a432720,1.00,NaN,1.00
undefined,a950140,1.00,NaN,1.00
엠아이텍 KOSDAQ,a179290,2.41,0.32,0.41
종근당 KOSPI,a185750,0.94,0.41,1.09
HLB바이오스텝 KOSDAQ,a278650,1.67,0.26,0.57
SK케미칼 KOSPI,a285130,2.04,0.31,0.50
솔루스첨단소재 KOSPI,a336370,1.54,0.41,0.68
undefined,a443670,1.00,NaN,1.00
에이스침대 KOSDAQ,a003800,1.08,0.19,0.89
에브리봇 KOSDAQ,a270660,1.01,0.34,1.00
HDC현대산업개발 KOSPI,a294870,0.47,0.42,2.10
undefined,a950250,1.00,NaN,1.00
undefined,a017860,1.00,NaN,1.00
인텍플러스 KOSDAQ,a064290,0.31,0.28,3.10
롯데웰푸드 KOSPI,a280360,1.14,0.33,0.87
undefined,a0011t0,1.00,NaN,1.00
디아이티 KOSDAQ,a110990,0.29,0.50,3.73
한국비엔씨 KOSDAQ,a256840,1.63,0.31,0.56
원준 KOSDAQ,a382840,1.98,0.30,0.51
DN오토모티브 KOSPI,a007340,1.22,0.46,0.77
HLB이노베이션 KOSDAQ,a024850,0.07,0.35,15.94
덕산하이메탈 KOSDAQ,a077360,0.45,0.34,2.31
한울BnC KOSDAQ,a214870,2.40,0.50,0.42
undefined,a394800,1.00,NaN,1.00
undefined,a462860,1.00,NaN,1.00
undefined,a493280,1.00,NaN,1.00
세방전지 KOSPI,a004490,0.65,0.44,1.49
이녹스 KOSDAQ,a088390,1.98,0.25,0.49
덱스터 KOSDAQ,a206560,5.75,0.23,0.16
에코아이 KOSDAQ,a448280,1.00,NaN,1.00
이수화학 KOSPI,a005950,0.73,0.60,1.50
경동나비엔 KOSPI,a009450,0.48,0.28,2.03
서희건설 KOSDAQ,a035890,0.52,0.68,2.05
서울옥션 KOSDAQ,a063170,3.00,0.33,0.32
원익머트리얼즈 KOSDAQ,a104830,0.66,0.31,1.49
LS에코에너지 KOSPI,a229640,0.11,0.34,9.17
대웅 KOSPI,a003090,1.11,0.45,0.93
후성 KOSPI,a093370,0.98,0.34,0.97
인화정공 KOSDAQ,a101930,1.15,0.31,0.82
코오롱인더 KOSPI,a120110,0.60,0.47,1.74
undefined,a405100,1.00,NaN,1.00
디알텍 KOSDAQ,a214680,1.01,0.32,1.02
원익피앤이 KOSDAQ,a217820,3.26,0.30,0.31
샘씨엔에스 KOSDAQ,a252990,0.33,0.34,3.12
undefined,a395400,1.00,NaN,1.00
undefined,a452450,1.00,NaN,1.00
동원시스템즈 KOSPI,a014820,2.04,0.37,0.49
텔레칩스 KOSDAQ,a054450,0.94,0.38,1.16
DL KOSPI,a000210,1.15,0.39,0.93
한국카본 KOSPI,a017960,0.34,0.38,3.05
케이티알파 KOSDAQ,a036030,1.09,0.23,0.91
다우기술 KOSPI,a023590,0.45,0.32,2.19
재영솔루텍 KOSDAQ,a049630,0.06,0.50,18.55
코세스 KOSDAQ,a089890,0.18,0.31,5.28
undefined,a484870,1.00,NaN,1.00
한샘 KOSPI,a009240,1.29,0.42,0.79
아이에스동서 KOSPI,a010780,1.07,0.35,0.97
폴라리스오피스 KOSDAQ,a041020,0.31,0.40,3.67
STX엔진 KOSPI,a077970,0.31,0.31,3.37
이브이첨단소재 KOSDAQ,a131400,1.59,0.00,0.61
영풍 KOSPI,a000670,12.50,0.30,0.08
동국산업 KOSDAQ,a005160,1.75,0.42,0.60
동양생명 KOSPI,a082640,0.71,0.44,1.48
파인엠텍 KOSDAQ,a441270,0.87,0.33,1.20
undefined,a494120,1.00,NaN,1.00
신흥에스이씨 KOSDAQ,a243840,1.38,0.45,0.74
현대지에프홀딩스 KOSPI,a005440,0.37,1.00,3.20
모두투어 KOSDAQ,a080160,1.49,0.32,0.65
국전약품 KOSDAQ,a307750,2.84,0.33,0.37
나이벡 KOSDAQ,a138610,0.93,0.32,1.07
일진하이솔루스 KOSPI,a271940,2.04,0.33,0.47
F&F홀딩스 KOSPI,a007700,0.83,0.48,1.32
인바디 KOSDAQ,a041830,0.43,0.29,2.32
인터플렉스 KOSDAQ,a051370,0.94,0.37,1.05
제주항공 KOSPI,a089590,1.96,0.34,0.48
네패스아크 KOSDAQ,a330860,0.57,0.44,1.85
동국홀딩스 KOSPI,a001230,4.64,0.80,0.22
태영건설 KOSPI,a009410,2.17,0.29,0.41
에이텍 KOSDAQ,a045660,0.87,0.16,1.07
GKL KOSPI,a114090,1.25,0.26,0.75
,a138580,0.48,0.37,2.06
하이록코리아 KOSDAQ,a013030,0.56,0.40,1.85
하림 KOSDAQ,a136480,0.89,0.37,1.10
대한유화 KOSPI,a006650,0.99,0.33,1.05
코리아써키트 KOSPI,a007810,0.12,0.29,8.28
명신산업 KOSPI,a009900,1.71,0.31,0.59
KG이니시스 KOSDAQ,a035600,1.24,0.36,0.79
예스티 KOSDAQ,a122640,0.33,0.36,3.23
오리온홀딩스 KOSPI,a001800,0.58,0.35,1.75
율촌화학 KOSPI,a008730,1.48,0.36,0.65
롯데관광개발 KOSPI,a032350,0.47,0.33,2.16
한스바이오메드 KOSDAQ,a042520,0.42,0.36,3.04
undefined,a168360,1.00,NaN,1.00
대신증권 KOSPI,a003540,0.44,0.35,2.29
삼목에스폼 KOSDAQ,a018310,0.76,0.40,1.31
신풍제약 KOSPI,a019170,2.12,0.37,0.49
LB세미콘 KOSDAQ,a061970,1.59,0.51,0.68
상상인 KOSDAQ,a038540,3.20,0.38,0.30
랩지노믹스 KOSDAQ,a084650,3.75,0.17,0.24
더블유게임즈 KOSPI,a192080,0.61,0.26,1.69
undefined,a318060,1.00,NaN,1.00
undefined,a488900,1.00,NaN,1.00
undefined,a0008z0,1.00,NaN,1.00
디앤씨미디어 KOSDAQ,a263720,1.30,0.28,0.76
톱텍 KOSDAQ,a108230,1.77,0.36,0.57
제테마 KOSDAQ,a216080,2.23,0.26,0.43
undefined,a317450,1.00,NaN,1.00
롯데렌탈 KOSPI,a089860,0.94,0.39,1.05
undefined,a176750,1.00,NaN,1.00
SG KOSDAQ,a255220,0.59,0.28,1.60
한일시멘트 KOSPI,a300720,0.79,0.48,1.33
한화투자증권 KOSPI,a003530,0.40,0.31,2.56
이랜텍 KOSDAQ,a054210,1.14,0.48,0.91
애경케미칼 KOSPI,a161000,0.82,0.28,1.38
SK이터닉스 KOSPI,a475150,1.00,NaN,1.00
제이브이엠 KOSDAQ,a054950,0.80,0.41,1.27
오킨스전자 KOSDAQ,a080580,1.08,0.42,1.00
해성디에스 KOSPI,a195870,0.44,0.38,2.34
보성파워텍 KOSDAQ,a006910,0.44,0.34,2.39
HDC KOSPI,a012630,0.25,0.25,4.08
싸이토젠 KOSDAQ,a217330,4.23,0.18,0.22
코윈테크 KOSDAQ,a282880,1.78,0.32,0.58
쿠콘 KOSDAQ,a294570,1.12,0.33,0.91
AP시스템 KOSDAQ,a265520,0.70,0.47,1.43
HD현대에너지솔루션 KOSPI,a322000,0.31,0.33,3.13
undefined,a432470,1.00,NaN,1.00
undefined,a478340,1.00,NaN,1.00
STX KOSPI,a011810,0.10,0.57,10.23
공구우먼 KOSDAQ,a366030,1.73,0.22,0.56
undefined,a950210,1.00,NaN,1.00
엠케이전자 KOSDAQ,a033160,0.51,0.41,2.14
DI동일 KOSPI,a001530,0.56,0.44,1.83
세아제강지주 KOSPI,a003030,0.90,0.51,1.09
동원개발 KOSDAQ,a013120,1.38,0.27,0.68
세진중공업 KOSPI,a075580,0.40,0.42,2.83
대아티아이 KOSDAQ,a045390,0.88,0.40,1.12
하이비젼시스템 KOSDAQ,a126700,1.10,0.45,0.93
사람인 KOSDAQ,a143240,2.13,0.29,0.45
PI첨단소재 KOSPI,a178920,1.23,0.42,0.84
YTN KOSDAQ,a040300,2.04,0.30,0.48
노바텍 KOSDAQ,a285490,1.16,0.33,0.86
undefined,a365550,1.00,NaN,1.00
undefined,a416180,1.00,NaN,1.00
undefined,a456040,1.00,NaN,1.00
스맥 KOSDAQ,a099440,0.48,0.28,2.16
오이솔루션 KOSDAQ,a138080,0.48,0.42,2.23
엔피 KOSDAQ,a291230,8.00,0.19,0.13
레몬 KOSDAQ,a294140,2.94,0.44,0.36
태광산업 KOSPI,a003240,0.70,0.37,1.38
포니링크 KOSDAQ,a064800,0.29,0.28,3.31
안트로젠 KOSDAQ,a065660,0.58,0.34,1.85
씨에스베어링 KOSDAQ,a297090,1.54,0.32,0.69
undefined,a376270,1.00,NaN,1.00
undefined,a472850,1.00,NaN,1.00
KG스틸 KOSPI,a016380,1.29,0.53,0.78
조이시티 KOSDAQ,a067000,3.21,0.31,0.33
CJ CGV KOSPI,a079160,2.02,0.37,0.50
노바렉스 KOSDAQ,a194700,0.73,0.29,1.31
undefined,a330590,1.00,NaN,1.00
undefined,a415640,1.00,NaN,1.00
서울바이오시스 KOSDAQ,a092190,0.49,0.37,2.16
한세실업 KOSPI,a105630,1.61,0.32,0.61
세경하이테크 KOSDAQ,a148150,1.05,0.35,1.02
JW중외제약 KOSPI,a001060,0.60,0.34,1.61
한양이엔지 KOSDAQ,a045100,0.43,0.50,2.31
대화제약 KOSDAQ,a067080,0.82,0.33,1.16
한양디지텍 KOSDAQ,a078350,0.35,0.23,2.93
롯데손해보험 KOSPI,a000400,0.68,0.25,1.45
하나투어 KOSPI,a039130,1.23,0.35,0.79
undefined,a078590,1.00,NaN,1.00
디케이티 KOSDAQ,a290550,0.45,0.30,2.73
삼부토건 KOSPI,a001470,1.33,0.25,0.78
이스트소프트 KOSDAQ,a047560,0.85,0.50,1.20
토비스 KOSDAQ,a051360,0.46,0.29,2.21
undefined,a162300,1.00,NaN,1.00
NHN KOSPI,a181710,0.47,0.36,2.27
일동제약 KOSPI,a249420,1.32,0.32,0.75
케이씨텍 KOSPI,a281820,0.26,0.36,4.04
undefined,a418420,1.00,NaN,1.00
빙그레 KOSPI,a005180,0.51,0.45,1.97
에스앤디 KOSDAQ,a260970,0.32,0.32,3.14
undefined,a457550,1.00,NaN,1.00
미원상사 KOSPI,a002840,1.41,0.30,0.70
미래컴퍼니 KOSDAQ,a049950,1.60,0.34,0.62
동국S&C KOSDAQ,a100130,2.77,0.30,0.35
이노션 KOSPI,a214320,0.98,0.33,1.00
교보증권 KOSPI,a030610,0.46,0.32,2.17
신세계인터내셔날 KOSPI,a031430,1.62,0.27,0.60
SNT홀딩스 KOSPI,a036530,0.28,0.46,3.71
인트론바이오 KOSDAQ,a048530,3.35,0.33,0.31
TKG휴켐스 KOSPI,a069260,1.22,0.39,0.81
유니테스트 KOSDAQ,a086390,0.93,0.43,1.20
브랜드엑스코퍼레이션 KOSDAQ,a337930,1.62,0.33,0.66
에스비비테크 KOSDAQ,a389500,0.37,0.35,2.93
한솔아이원스 KOSDAQ,a114810,0.49,0.33,2.08
헥토파이낸셜 KOSDAQ,a234340,0.90,0.33,1.14
케이엔솔 KOSDAQ,a053080,0.74,0.32,1.45
쿠쿠홀딩스 KOSPI,a192400,0.63,0.18,1.54
유비케어 KOSDAQ,a032620,1.35,0.25,0.71
우주일렉트로 KOSDAQ,a065680,0.37,0.32,2.81
뷰웍스 KOSDAQ,a100120,1.22,0.40,0.80
CMG제약 KOSDAQ,a058820,1.63,0.38,0.59
빛과전자 KOSDAQ,a069540,0.63,0.30,1.61
지역난방공사 KOSPI,a071320,0.36,0.33,2.71
undefined,a101970,1.00,NaN,1.00
어보브반도체 KOSDAQ,a102120,0.95,0.36,1.10
undefined,a403850,1.00,NaN,1.00
undefined,a473980,1.00,NaN,1.00
흥아해운 KOSPI,a003280,0.65,0.33,1.43
삼지전자 KOSDAQ,a037460,0.18,0.40,5.60
SNT에너지 KOSPI,a100840,0.20,0.57,5.81
한국정보인증 KOSDAQ,a053300,0.87,0.26,1.15
가비아 KOSDAQ,a079940,0.32,0.33,3.17
나스미디어 KOSDAQ,a089600,2.74,0.32,0.35
드림텍 KOSPI,a192650,1.96,0.30,0.49
세방 KOSPI,a004360,1.23,0.48,0.83
케이프 KOSDAQ,a064820,0.42,0.47,2.47
undefined,a419050,1.00,NaN,1.00
HB테크놀러지 KOSDAQ,a078150,0.60,0.47,1.76
유틸렉스 KOSDAQ,a263050,6.57,0.20,0.14
진에어 KOSPI,a272450,1.96,0.36,0.48
undefined,a950170,1.00,NaN,1.00
보령 KOSPI,a003850,1.10,0.39,0.89
티앤알바이오팹 KOSDAQ,a246710,5.41,0.30,0.17
undefined,a377740,1.00,NaN,1.00
SK디스커버리 KOSPI,a006120,0.58,0.50,1.66
유비쿼스홀딩스 KOSDAQ,a078070,1.08,0.21,0.88
아바코 KOSDAQ,a083930,0.97,0.38,1.01
상신이디피 KOSDAQ,a091580,0.77,0.39,1.33
석경에이티 KOSDAQ,a357550,0.48,0.38,2.17
미원에스씨 KOSPI,a268280,1.72,0.33,0.58
고바이오랩 KOSDAQ,a348150,3.00,0.38,0.36
undefined,a424960,1.00,NaN,1.00
대상 KOSPI,a001680,1.06,0.41,0.93
LS증권 KOSDAQ,a078020,0.73,0.41,1.37
퀀타매트릭스 KOSDAQ,a317690,1.66,0.21,0.64
아바텍 KOSDAQ,a149950,1.03,0.40,0.94
CR홀딩스 KOSPI,a000480,1.67,0.67,0.60
넥센타이어 KOSPI,a002350,1.10,0.36,0.88
녹십자홀딩스 KOSPI,a005250,1.28,0.43,0.81
CG인바이츠 KOSDAQ,a083790,3.00,0.24,0.31
지놈앤컴퍼니 KOSDAQ,a314130,3.06,0.32,0.36
풍원정밀 KOSDAQ,a371950,1.72,0.33,0.60
유안타증권 KOSPI,a003470,0.45,0.42,2.24
와이지-원 KOSDAQ,a019210,0.35,0.33,2.82
진성티이씨 KOSDAQ,a036890,0.69,0.53,1.51
메디아나 KOSDAQ,a041920,0.25,0.31,3.91
넥스트칩 KOSDAQ,a396270,1.79,0.48,0.62
뉴엔AI KOSDAQ,a463020,1.00,NaN,1.00
undefined,a499790,1.00,NaN,1.00
대원전선 KOSPI,a006340,0.09,0.26,10.43
한국단자 KOSPI,a025540,0.65,0.25,1.53
컴투스홀딩스 KOSDAQ,a063080,2.64,0.23,0.39
자이글 KOSDAQ,a234920,0.33,0.25,3.15
undefined,a484810,1.00,NaN,1.00
에이스테크 KOSDAQ,a088800,1.58,0.30,0.79
유니셈 KOSDAQ,a036200,0.58,0.44,1.79
티움바이오 KOSDAQ,a321550,1.48,0.30,0.63
undefined,a384470,1.00,NaN,1.00
undefined,a0082n0,1.00,NaN,1.00
undefined,a079900,1.00,NaN,1.00
매커스 KOSDAQ,a093520,0.30,0.45,3.36
압타바이오 KOSDAQ,a293780,2.18,0.29,0.44
에이프로젠 KOSPI,a007460,0.78,0.00,1.29
파미셀 KOSPI,a005690,0.69,0.36,1.47
흥구석유 KOSDAQ,a024060,0.50,0.36,2.20
동원F&B KOSPI,a049770,0.83,0.25,1.21
큐브엔터 KOSDAQ,a182360,2.38,0.27,0.39
와이팜 KOSDAQ,a332570,0.27,0.36,3.86
해성산업 KOSDAQ,a034810,1.48,0.25,0.66
undefined,a180400,1.00,NaN,1.00
undefined,a462350,1.00,NaN,1.00
티케이케미칼 KOSDAQ,a104480,1.74,0.41,0.61
오로스테크놀로지 KOSDAQ,a322310,0.42,0.32,2.44
undefined,a456070,1.00,NaN,1.00
사조대림 KOSPI,a003960,0.86,0.19,1.18
BGF에코머티리얼즈 KOSDAQ,a126600,1.35,0.30,0.79
티웨이항공 KOSPI,a091810,1.68,0.27,0.57
동아쏘시오홀딩스 KOSPI,a000640,1.09,0.35,0.91
인크레더블버즈 KOSDAQ,a064090,1.39,NaN,0.72
알체라 KOSDAQ,a347860,4.54,0.38,0.24
비덴트 KOSDAQ,a121800,1.03,0.00,0.97
아나패스 KOSDAQ,a123860,1.28,0.30,0.81
지누스 KOSPI,a013890,2.80,0.30,0.35
유진기업 KOSDAQ,a023410,0.97,0.43,1.03
SNT모티브 KOSPI,a064960,1.34,0.30,0.74
에스와이 KOSDAQ,a109610,1.49,0.33,0.70
undefined,a452430,1.00,NaN,1.00
undefined,a461030,1.00,NaN,1.00
자화전자 KOSPI,a033240,0.49,0.31,2.15
SBS KOSPI,a034120,2.04,0.23,0.47
클라우드에어 KOSDAQ,a036170,0.24,0.34,4.26
undefined,a453450,1.00,NaN,1.00
대한해운 KOSPI,a005880,0.82,0.30,1.17
아스트 KOSDAQ,a067390,5.65,0.21,0.17
SK증권 KOSPI,a001510,0.21,0.18,5.01
undefined,a136150,1.00,NaN,1.00
undefined,a452190,1.00,NaN,1.00
undefined,a0015g0,1.00,NaN,1.00
제주은행 KOSPI,a006220,0.90,0.33,1.27
이엔플러스 KOSPI,a074610,8.00,0.21,0.11
와이씨켐 KOSDAQ,a112290,0.93,0.44,1.12
KX KOSDAQ,a122450,1.88,0.21,0.50
쿠쿠홈시스 KOSPI,a284740,1.29,0.36,0.79
undefined,a338840,1.00,NaN,1.00
undefined,a484120,1.00,NaN,1.00
엣지파운드리 KOSDAQ,a105550,3.37,0.22,0.27
undefined,a014830,1.23,NaN,0.81
쏘카 KOSPI,a403550,1.17,0.17,0.77
디아이 KOSPI,a003160,0.19,0.49,6.15
화신 KOSPI,a010690,0.81,0.47,1.34
undefined,a221800,0.63,NaN,1.60
케이카 KOSPI,a381970,1.20,0.33,0.81
LX홀딩스 KOSPI,a383800,0.96,0.31,1.05
현대홈쇼핑 KOSPI,a057050,0.55,0.44,1.82
제일일렉트릭 KOSDAQ,a199820,0.40,0.37,2.44
undefined,a459510,1.00,NaN,1.00
한섬 KOSPI,a020000,1.09,0.33,0.93
파세코 KOSDAQ,a037070,1.96,0.29,0.50
undefined,a451800,1.00,NaN,1.00
KCC글라스 KOSPI,a344820,1.46,0.35,0.68
포바이포 KOSDAQ,a389140,1.56,0.38,0.78
undefined,a482630,1.00,NaN,1.00
오상헬스케어 KOSDAQ,a036220,1.64,0.18,0.53
시너지이노베이션 KOSDAQ,a048870,1.91,0.39,0.56
APS KOSDAQ,a054620,2.42,0.24,0.38
SK디앤디 KOSPI,a210980,0.97,0.47,1.02
케이피에스 KOSDAQ,a256940,0.74,0.29,1.22
삼양홀딩스 KOSPI,a000070,1.06,0.45,0.93
영진약품 KOSPI,a003520,2.00,0.43,0.49
고려제강 KOSPI,a002240,0.90,0.44,1.24
SPC삼립 KOSPI,a005610,1.56,0.25,0.61
이트론 KOSDAQ,a096040,0.38,0.20,2.63
AP위성 KOSDAQ,a211270,0.61,0.38,1.76
undefined,a293940,1.00,NaN,1.00
모다이노칩 KOSDAQ,a080420,1.78,0.27,0.54
엑시콘 KOSDAQ,a092870,0.35,0.42,3.19
켐트로스 KOSDAQ,a220260,1.65,0.28,0.57
부광약품 KOSPI,a003000,1.54,0.45,0.65
부국증권 KOSPI,a001270,0.31,0.25,3.38
KG케미칼 KOSPI,a001390,0.94,0.38,1.09
로체시스템즈 KOSDAQ,a071280,0.90,0.30,1.05
쇼박스 KOSDAQ,a086980,1.17,0.32,0.81
DSC인베스트먼트 KOSDAQ,a241520,0.33,0.37,3.53
undefined,a365330,1.00,NaN,1.00
애경산업 KOSPI,a018250,0.73,0.17,1.26
네오팜 KOSDAQ,a092730,0.94,0.21,1.04
크리스에프앤씨 KOSDAQ,a110790,2.74,0.67,0.35
동아에스티 KOSPI,a170900,1.22,0.31,0.80
제닉 KOSDAQ,a123330,0.16,0.21,5.92
맥스트 KOSDAQ,a377030,4.48,0.24,0.23
한화손해보험 KOSPI,a000370,0.58,0.38,1.78
코오롱 KOSPI,a002020,0.41,0.40,2.49
아모텍 KOSDAQ,a052710,0.52,0.25,1.98
서연이화 KOSPI,a200880,0.56,0.37,1.98
undefined,a439580,1.00,NaN,1.00
카프로 KOSPI,a006380,1.67,0.33,0.60
undefined,a209640,1.00,NaN,1.00
undefined,a308430,1.00,NaN,1.00
undefined,a451760,1.00,NaN,1.00
비츠로테크 KOSDAQ,a042370,0.43,0.37,2.36
undefined,a460860,1.00,NaN,1.00
진원생명과학 KOSPI,a011000,8.00,0.25,0.12
콘텐트리중앙 KOSPI,a036420,3.92,0.21,0.24
케이알엠 KOSDAQ,a093640,1.16,0.24,0.92
비씨엔씨 KOSDAQ,a146320,1.20,0.39,0.89
에이비온 KOSDAQ,a203400,3.46,0.32,0.28
웹케시 KOSDAQ,a053580,2.08,0.26,0.50
하이딥 KOSDAQ,a365590,0.79,0.14,1.39
나이스정보통신 KOSDAQ,a036800,0.90,0.27,1.03
엘티씨 KOSDAQ,a170920,0.28,0.41,3.89
범한퓨얼셀 KOSDAQ,a382900,0.84,0.42,1.21
undefined,a464080,1.00,NaN,1.00
백광산업 KOSPI,a001340,0.72,0.67,1.40
아가방컴퍼니 KOSDAQ,a013990,0.66,0.35,1.48
대봉엘에스 KOSDAQ,a078140,0.85,0.39,1.18
에이유브랜즈 KOSDAQ,a481070,1.00,NaN,1.00
폴라리스AI KOSDAQ,a039980,0.11,0.41,9.26
아모그린텍 KOSDAQ,a125210,1.38,0.34,0.73
화승엔터프라이즈 KOSPI,a241590,2.42,0.32,0.40
아세아 KOSPI,a002030,0.57,0.37,1.77
undefined,a003070,1.35,NaN,0.74
이지홀딩스 KOSDAQ,a035810,0.59,0.41,1.69
티와이홀딩스 KOSPI,a363280,4.70,0.15,0.20
undefined,a474650,1.00,NaN,1.00
풀무원 KOSPI,a017810,0.97,0.33,1.00
KG모빌리언스 KOSDAQ,a046440,1.33,0.39,0.76
undefined,a355150,1.00,NaN,1.00
우리바이오 KOSDAQ,a082850,1.86,0.24,0.50
undefined,a199430,1.00,NaN,1.00
한라IMS KOSDAQ,a092460,0.24,0.35,4.11
파멥신 KOSDAQ,a208340,2.59,0.24,0.37
SGC에너지 KOSPI,a005090,0.61,0.21,1.59
동일금속 KOSDAQ,a109860,3.43,0.25,0.30
undefined,a356680,1.00,NaN,1.00
티에스아이 KOSDAQ,a277880,1.83,0.28,0.52
undefined,a452400,1.00,NaN,1.00
undefined,a489460,1.00,NaN,1.00
메카로 KOSDAQ,a241770,0.29,0.22,3.42
undefined,a047820,2.50,NaN,0.40
undefined,a336680,1.00,NaN,1.00
리파인 KOSDAQ,a377450,0.75,0.30,1.35
풍산홀딩스 KOSPI,a005810,0.46,0.43,2.26
한국파마 KOSDAQ,a032300,2.45,0.38,0.42
엠씨넥스 KOSPI,a097520,1.26,0.38,0.81
나무가 KOSDAQ,a190510,0.66,0.34,1.49
undefined,a035080,1.45,NaN,0.69
와이엠티 KOSDAQ,a251370,1.00,0.29,0.97
롯데이노베이트 KOSPI,a286940,1.01,0.46,1.01
undefined,a461300,1.00,NaN,1.00
신성이엔지 KOSPI,a011930,0.08,0.45,12.87
DB KOSPI,a012030,0.38,0.50,2.75
undefined,a046970,0.14,NaN,7.24
씨티씨바이오 KOSDAQ,a060590,1.92,0.31,0.50
뉴파워프라즈마 KOSDAQ,a144960,0.44,0.36,2.53
유니슨 KOSDAQ,a018000,1.55,0.28,0.60
undefined,a475560,1.00,NaN,1.00
undefined,a488280,1.00,NaN,1.00
마이크로디지탈 KOSDAQ,a305090,1.15,0.23,0.89
undefined,a408900,1.00,NaN,1.00
대상홀딩스 KOSPI,a084690,0.80,0.38,1.35
퍼시스 KOSPI,a016800,0.92,0.34,1.06
바이오솔루션 KOSDAQ,a086820,1.39,0.19,0.69
에이팩트 KOSDAQ,a200470,0.40,0.33,2.64
세아제강 KOSPI,a306200,1.04,0.35,0.94
한국알콜 KOSDAQ,a017890,0.92,0.46,1.17
undefined,a388870,1.00,NaN,1.00
undefined,a474170,1.00,NaN,1.00
한국캐피탈 KOSDAQ,a023760,0.88,0.25,1.09
퓨런티어 KOSDAQ,a370090,1.98,0.40,0.53
동일산업 KOSPI,a004890,4.71,0.00,0.21
NICE KOSPI,a034310,1.05,0.42,0.99
싸이맥스 KOSDAQ,a160980,0.36,0.25,2.67
바이젠셀 KOSDAQ,a308080,0.58,0.32,1.70
E1 KOSPI,a017940,0.50,0.47,2.01
케이에스피 KOSDAQ,a073010,0.41,0.27,2.41
알에프세미 KOSDAQ,a096610,0.17,1.00,6.26
아티스트유나이티드 KOSDAQ,a321820,1.36,0.46,0.72
undefined,a012210,1.00,NaN,1.00
네오위즈홀딩스 KOSDAQ,a042420,1.10,0.22,0.88
undefined,a0120g0,1.00,NaN,1.00
광전자 KOSPI,a017900,0.21,0.36,5.06
한미글로벌 KOSPI,a053690,1.52,0.29,0.64
휴비츠 KOSDAQ,a065510,1.51,0.39,0.65
디엔에프 KOSDAQ,a092070,0.70,0.30,1.44
엘앤케이바이오 KOSDAQ,a156100,1.45,0.22,0.62
지앤비에스 에코 KOSDAQ,a382800,0.38,0.28,2.63
undefined,a453340,1.00,NaN,1.00
유니퀘스트 KOSPI,a077500,0.57,0.50,1.77
아이디스 KOSDAQ,a143160,1.25,0.37,0.81
undefined,a217590,1.00,NaN,1.00
undefined,a380550,1.00,NaN,1.00
LS네트웍스 KOSPI,a000680,0.73,0.28,1.34
한일홀딩스 KOSPI,a003300,0.61,0.35,1.62
LF KOSPI,a093050,0.68,0.48,1.52
유진투자증권 KOSPI,a001200,0.46,0.33,2.12
현대차증권 KOSPI,a001500,0.92,0.24,1.03
경동제약 KOSDAQ,a011040,1.35,0.30,0.71
undefined,a357120,1.00,NaN,1.00
한전산업 KOSPI,a130660,0.55,0.21,1.75
애니플러스 KOSDAQ,a310200,1.26,0.29,0.76
한국쉘석유 KOSPI,a002960,0.50,0.47,2.02
아진산업 KOSDAQ,a013310,0.77,0.38,1.28
이노와이어리스 KOSDAQ,a073490,0.65,0.24,1.55
엠에스오토텍 KOSDAQ,a123040,1.96,0.24,0.50
삼양사 KOSPI,a145990,0.84,0.47,1.20
슈프리마 KOSDAQ,a236200,0.63,0.46,1.61
딥노이드 KOSDAQ,a315640,1.03,0.30,1.01
삼화콘덴서 KOSPI,a001820,0.21,0.29,4.76
신성통상 KOSPI,a005390,0.56,0.25,1.78
에이스토리 KOSDAQ,a241840,5.59,0.25,0.17
청담글로벌 KOSDAQ,a362320,2.04,0.40,0.50
세아홀딩스 KOSPI,a058650,0.62,0.33,1.56
위메이드플레이 KOSDAQ,a123420,2.75,0.30,0.32
알서포트 KOSDAQ,a131370,2.15,0.23,0.46
큐라클 KOSDAQ,a365270,0.78,0.25,1.30
undefined,a462520,1.00,NaN,1.00
국도화학 KOSPI,a007690,1.30,0.41,0.77
피에이치에이 KOSDAQ,a043370,0.47,0.38,2.12
이수앱지스 KOSDAQ,a086890,1.66,0.26,0.58
골프존뉴딘홀딩스 KOSDAQ,a121440,1.16,0.43,0.86
undefined,a282720,1.00,NaN,1.00
남해화학 KOSPI,a025860,1.15,0.28,0.82
한국철강 KOSPI,a104700,0.64,0.37,1.53
undefined,a298690,1.14,NaN,0.88
송원산업 KOSPI,a004430,1.57,0.30,0.63
씨씨에스 KOSDAQ,a066790,0.16,0.36,6.32
네오티스 KOSDAQ,a085910,0.15,0.29,7.01
미스터블루 KOSDAQ,a207760,1.79,0.29,0.52
undefined,a240550,1.00,NaN,1.00
신대양제지 KOSPI,a016590,0.81,0.33,1.23
광무 KOSDAQ,a029480,1.92,0.14,0.50
플리토 KOSDAQ,a300080,3.67,0.30,0.30
undefined,a355390,1.00,NaN,1.00
undefined,a432320,1.00,NaN,1.00
남양유업 KOSPI,a003920,7.92,0.38,0.13
삼화전기 KOSPI,a009470,0.40,0.31,2.54
일진홀딩스 KOSPI,a015860,0.44,0.36,2.25
SGA KOSDAQ,a049470,0.46,0.33,2.95
유나이티드제약 KOSPI,a033270,1.30,0.45,0.77
undefined,a052420,0.23,NaN,4.28
아톤 KOSDAQ,a158430,0.82,0.22,1.23
에이프로 KOSDAQ,a262260,2.18,0.31,0.44
켄코아에어로스페이스 KOSDAQ,a274090,0.52,0.35,1.93
undefined,a419080,1.00,NaN,1.00
대양전기공업 KOSDAQ,a108380,0.57,0.35,1.80
KISCO홀딩스 KOSPI,a001940,0.57,0.38,1.71
undefined,a094800,1.00,NaN,1.00
다산네트웍스 KOSDAQ,a039560,1.02,0.28,0.95
대동 KOSPI,a000490,1.17,0.30,0.86
지니뮤직 KOSDAQ,a043610,2.41,0.29,0.41
아크릴 KOSDAQ,a0007c0,1.00,NaN,1.00
알루코 KOSPI,a001780,0.96,0.27,0.99
한일사료 KOSDAQ,a005860,1.85,0.29,0.53
현대퓨처넷 KOSPI,a126560,0.86,0.40,1.17
아세아시멘트 KOSPI,a183190,0.86,0.21,1.11
일승 KOSDAQ,a333430,0.84,0.38,1.16
SIMPAC KOSPI,a009160,1.10,0.42,0.92
디지털대성 KOSDAQ,a068930,0.80,0.39,1.25
LX하우시스 KOSPI,a108670,0.95,0.38,1.08
태웅로직스 KOSDAQ,a124560,2.53,0.29,0.38
코아시아 KOSDAQ,a045970,1.39,0.34,0.69
스카이라이프 KOSPI,a053210,1.82,0.44,0.55
크레버스 KOSDAQ,a096240,2.09,0.31,0.46
한국자산신탁 KOSPI,a123890,1.21,0.29,0.80
드림시큐리티 KOSDAQ,a203650,0.71,0.34,1.31
강스템바이오텍 KOSDAQ,a217730,0.85,0.29,1.16
undefined,a318020,1.00,NaN,1.00
undefined,a402490,1.00,NaN,1.00
undefined,a452280,1.00,NaN,1.00
팜스토리 KOSDAQ,a027710,1.60,0.26,0.60
오르비텍 KOSDAQ,a046120,0.55,0.29,1.77
효성화학 KOSPI,a298000,2.83,0.22,0.36
서흥 KOSPI,a008490,1.65,0.31,0.62
DB금융투자 KOSPI,a016610,0.37,0.37,2.71
레드캡투어 KOSDAQ,a038390,1.94,0.31,0.51
멀티캠퍼스 KOSDAQ,a067280,1.29,0.29,0.76
셀바스헬스케어 KOSDAQ,a208370,0.55,1.00,1.84
BGF KOSPI,a027410,0.72,0.45,1.37
신도리코 KOSPI,a029530,0.75,0.31,1.30
undefined,a061090,1.00,NaN,1.00
undefined,a432430,1.00,NaN,1.00
일성아이에스 KOSPI,a003120,1.11,0.43,0.91
이화전기 KOSDAQ,a024810,0.49,0.67,2.22
스틱인베스트먼트 KOSPI,a026890,0.73,0.35,1.39
LG헬로비전 KOSPI,a037560,1.88,0.26,0.50
대원산업 KOSDAQ,a005710,0.48,0.23,2.07
undefined,a096250,1.00,NaN,1.00
잇츠한불 KOSPI,a226320,1.38,0.27,0.74
오브젠 KOSDAQ,a417860,1.02,NaN,1.00
퍼스텍 KOSPI,a010820,0.35,0.41,3.05
마크로젠 KOSDAQ,a038290,1.52,0.33,0.63
CJ 바이오사이언스 KOSDAQ,a311690,4.39,0.28,0.23
TYM KOSPI,a002900,1.02,0.67,0.98
보광산업 KOSDAQ,a225530,2.23,0.19,0.44
undefined,a448730,1.00,NaN,1.00
콜마홀딩스 KOSPI,a024720,0.73,0.36,1.35
경남스틸 KOSDAQ,a039240,1.24,0.44,0.80
아세아제지 KOSPI,a002310,0.92,0.14,1.07
조일알미늄 KOSPI,a018470,1.81,0.33,0.54
NEW KOSDAQ,a160550,3.88,0.23,0.25
대원제약 KOSPI,a003220,1.75,0.21,0.53
대동기어 KOSDAQ,a008830,0.48,0.41,2.30
에코플라스틱 KOSDAQ,a038110,1.06,0.31,0.93
코오롱ENP KOSPI,a138490,0.63,0.27,1.54
타이거일렉 KOSDAQ,a219130,0.37,0.29,2.63
천일고속 KOSPI,a000650,0.42,0.18,3.19
KEC KOSPI,a092220,0.64,0.33,2.05
액션스퀘어 KOSDAQ,a205500,1.87,0.12,0.54
undefined,a456010,1.00,NaN,1.00
대원강업 KOSPI,a000430,0.53,0.30,1.87
셀루메드 KOSDAQ,a049180,1.76,0.24,0.59
인포바인 KOSDAQ,a115310,2.49,0.34,0.41
신테카바이오 KOSDAQ,a226330,3.29,0.23,0.28
undefined,a396470,1.00,NaN,1.00
삼진제약 KOSPI,a005500,1.17,0.32,0.83
광동제약 KOSPI,a009290,0.82,0.33,1.19
에이프로젠바이오로직스 KOSPI,a003060,1.30,0.75,0.77
대덕 KOSPI,a008060,0.28,0.29,3.59
인크로스 KOSDAQ,a216050,2.49,0.31,0.39
조광피혁 KOSPI,a004700,0.73,0.24,1.28
한일현대시멘트 KOSPI,a006390,0.97,0.39,1.01
undefined,a092790,1.00,NaN,1.00
undefined,a411080,1.00,NaN,1.00
undefined,a452260,1.00,NaN,1.00
위닉스 KOSDAQ,a044340,2.17,0.30,0.46
undefined,a234030,1.00,NaN,1.00
와이엠텍 KOSDAQ,a273640,2.04,0.37,0.50
뉴프렉스 KOSDAQ,a085670,1.08,0.26,0.93
우진 KOSPI,a105840,0.42,0.40,2.49
휴스틸 KOSPI,a005010,1.05,0.40,1.01
일양약품 KOSPI,a007570,1.96,0.29,0.51
현대바이오랜드 KOSDAQ,a052260,1.45,0.29,0.69
대한제강 KOSPI,a084010,1.25,0.24,0.77
알에스오토메이션 KOSDAQ,a140670,0.87,0.25,1.09
undefined,a093230,0.29,NaN,3.44
이연제약 KOSPI,a102460,1.80,0.34,0.54
윈스 KOSDAQ,a136540,1.14,0.42,0.87
한진 KOSPI,a002320,1.12,0.42,0.89
오로라 KOSDAQ,a039830,0.40,0.28,2.35
KBI메탈 KOSDAQ,a024840,0.27,0.32,3.96
디아이씨 KOSPI,a092200,0.48,0.45,2.23
서호전기 KOSDAQ,a065710,0.41,0.36,2.41
이원컴포텍 KOSDAQ,a088290,4.35,0.31,0.20
수산인더스트리 KOSPI,a126720,0.84,0.40,1.21
녹십자웰빙 KOSDAQ,a234690,0.65,0.23,1.52
피엔에이치테크 KOSDAQ,a239890,3.03,0.32,0.32
노루홀딩스 KOSPI,a000320,0.61,0.49,1.85
에프앤가이드 KOSDAQ,a064850,0.25,0.32,3.98
웅진씽크빅 KOSPI,a095720,1.33,0.19,0.70
나인테크 KOSDAQ,a267320,1.20,0.39,0.91
도화엔지니어링 KOSPI,a002150,1.43,0.35,0.67
키다리스튜디오 KOSPI,a020120,1.62,0.34,0.60
농심홀딩스 KOSPI,a072710,0.67,0.40,1.51
,a115390,0.96,0.25,1.05
남선알미늄 KOSPI,a008350,1.30,0.25,0.73
드림어스컴퍼니 KOSDAQ,a060570,2.82,0.28,0.34
슈피겐코리아 KOSDAQ,a192440,1.01,0.19,0.98
라파스 KOSDAQ,a214260,2.73,0.45,0.41
위니아에이드 KOSDAQ,a377460,3.23,0.25,0.31
한국토지신탁 KOSPI,a034830,1.11,0.39,0.91
아이텍 KOSDAQ,a119830,0.99,0.37,0.99
아이마켓코리아 KOSPI,a122900,1.33,0.29,0.73
포스코스틸리온 KOSPI,a058430,4.73,0.31,0.22
HL홀딩스 KOSPI,a060980,0.67,0.42,1.53
피코그램 KOSDAQ,a376180,3.26,0.33,0.31
엠투엔 KOSDAQ,a033310,3.61,0.28,0.28
undefined,a476040,1.00,NaN,1.00
한국화장품제조 KOSPI,a003350,1.94,0.35,0.49
한농화성 KOSPI,a011500,0.69,0.41,1.56
모베이스전자 KOSDAQ,a012860,0.34,0.29,2.98
엑스페릭스 KOSDAQ,a317770,0.53,0.23,1.75
아이씨디 KOSDAQ,a040910,1.63,0.32,0.60
방림 KOSPI,a003610,1.30,0.67,0.77
undefined,a086960,1.00,NaN,1.00
시지메드텍 KOSDAQ,a056090,0.98,0.25,1.05
와이솔 KOSDAQ,a122990,0.85,0.40,1.21
undefined,a0015s0,1.00,NaN,1.00
퓨처코어 KOSDAQ,a151910,1.90,0.32,0.50
아이에이 KOSDAQ,a038880,0.87,0.31,1.19
undefined,a088260,1.00,NaN,1.00
undefined,a394420,1.00,NaN,1.00
예스코홀딩스 KOSPI,a015360,2.10,0.52,0.48
일진파워 KOSDAQ,a094820,0.88,0.35,1.10
대한제당 KOSPI,a001790,0.97,0.37,1.04
리드코프 KOSDAQ,a012700,2.35,0.22,0.40
이크레더블 KOSDAQ,a092130,1.18,0.43,0.84
한솔제지 KOSPI,a213500,2.08,0.42,0.48
환인제약 KOSPI,a016580,1.63,0.30,0.60
undefined,a033340,1.00,NaN,1.00
undefined,a226590,1.00,NaN,1.00
undefined,a489500,1.00,NaN,1.00
삼아제약 KOSDAQ,a009300,0.99,0.30,0.99
케이씨 KOSPI,a029460,0.49,0.31,2.05
롯데하이마트 KOSPI,a071840,1.78,0.30,0.55
undefined,a417840,1.00,NaN,1.00
undefined,a453860,1.00,NaN,1.00
헥토이노베이션 KOSDAQ,a214180,0.76,0.39,1.31
동구바이오제약 KOSDAQ,a006620,1.29,0.30,0.76
삼일제약 KOSPI,a000520,0.91,0.28,1.10
티사이언티픽 KOSDAQ,a057680,1.59,0.24,0.86
이월드 KOSPI,a084680,1.17,0.33,0.83
제노코 KOSDAQ,a361390,0.95,0.46,1.08
지투파워 KOSDAQ,a388050,0.85,0.21,1.17
코닉오토메이션 KOSDAQ,a391710,2.45,0.27,0.40
현대코퍼레이션 KOSPI,a011760,0.58,0.36,1.76
웅진 KOSPI,a016880,0.50,0.27,1.90
유라테크 KOSDAQ,a048430,0.90,0.30,1.11
일동홀딩스 KOSPI,a000230,3.29,0.27,0.31
삼영 KOSPI,a003720,0.26,0.34,4.07
undefined,a0088m0,1.00,NaN,1.00
베뉴지 KOSDAQ,a019010,0.37,0.26,2.58
오리콤 KOSDAQ,a010470,1.26,0.42,0.80
다올투자증권 KOSPI,a030210,0.82,0.33,1.22
백산 KOSPI,a035150,0.79,0.38,1.26
엑시온그룹 KOSDAQ,a069920,4.90,0.26,0.21
케이엔제이 KOSDAQ,a272110,0.37,0.33,2.96
undefined,a451220,1.00,NaN,1.00
한솔테크닉스 KOSPI,a004710,0.40,0.35,2.53
홈캐스트 KOSDAQ,a064240,1.96,0.33,0.47
푸른저축은행 KOSDAQ,a007330,1.12,0.24,0.82
마이크로컨텍솔 KOSDAQ,a098120,0.19,0.33,6.00
undefined,a163280,1.00,NaN,1.00
제이에스코퍼레이션 KOSPI,a194370,1.31,0.52,0.81
undefined,a417310,1.00,NaN,1.00
HLB글로벌 KOSPI,a003580,4.81,0.25,0.21
유일에너테크 KOSDAQ,a340930,6.57,0.28,0.14
undefined,a445180,1.00,NaN,1.00
사조산업 KOSPI,a007160,0.93,0.37,1.06
웰바이오텍 KOSPI,a010600,2.24,0.27,0.42
피플바이오 KOSDAQ,a304840,7.75,0.24,0.12
undefined,a463480,1.00,NaN,1.00
현대약품 KOSPI,a004310,0.68,0.83,1.47
undefined,a125020,1.00,NaN,1.00
넥센 KOSPI,a005720,0.60,0.28,1.66
대성에너지 KOSPI,a117580,1.52,0.33,0.69
undefined,a036630,0.06,NaN,17.32
도이치모터스 KOSDAQ,a067990,1.40,0.41,0.72
undefined,a443250,1.00,NaN,1.00
undefined,a010580,0.77,NaN,1.30
한국전자금융 KOSDAQ,a063570,1.29,0.33,0.76
마음AI KOSDAQ,a377480,0.77,0.26,1.17
모토닉 KOSPI,a009680,0.74,0.38,1.35
디에스케이 KOSDAQ,a109740,1.07,0.20,0.86
대성산업 KOSPI,a128820,0.66,0.40,1.49
이랜시스 KOSDAQ,a264850,0.44,0.38,2.43
교촌에프앤비 KOSPI,a339770,2.38,0.23,0.39
종근당홀딩스 KOSPI,a001630,1.13,0.18,0.86
일신방직 KOSPI,a003200,1.00,0.80,1.02
브이원텍 KOSDAQ,a251630,1.17,0.31,0.80
BYC KOSPI,a001460,0.89,0.40,1.11
금호건설 KOSPI,a002990,1.48,0.30,0.67
현대비앤지스틸 KOSPI,a004560,0.79,0.49,1.32
아비코전자 KOSDAQ,a036010,0.89,0.35,1.14
에이블씨엔씨 KOSPI,a078520,0.37,0.39,2.87
undefined,a475230,1.00,NaN,1.00
M83 KOSDAQ,a476080,0.99,NaN,1.00
플래스크 KOSDAQ,a041590,2.15,0.50,0.46
이니텍 KOSDAQ,a053350,1.13,0.23,0.83
삼양패키징 KOSPI,a272550,1.65,0.26,0.60
undefined,a452200,1.00,NaN,1.00
대원미디어 KOSDAQ,a048910,2.02,0.29,0.47
라이온켐텍 KOSDAQ,a171120,2.13,0.16,0.46
제일약품 KOSPI,a271980,1.37,0.24,0.68
undefined,a459100,1.00,NaN,1.00
GS글로벌 KOSPI,a001250,0.79,0.28,1.26
삼익THK KOSPI,a004380,1.01,0.32,0.98
경동인베스트 KOSPI,a012320,1.59,0.39,0.64
윈팩 KOSDAQ,a097800,0.44,0.29,2.16
세토피아 KOSDAQ,a222810,0.33,0.29,3.11
경방 KOSPI,a000050,1.21,0.24,0.77
하이텍팜 KOSDAQ,a106190,0.41,0.30,2.31
차이커뮤니케이션 KOSDAQ,a351870,1.00,NaN,1.00
동화약품 KOSPI,a000020,1.56,0.38,0.62
액트로 KOSDAQ,a290740,0.41,0.34,2.29
undefined,a145170,1.00,NaN,1.00
심텍홀딩스 KOSDAQ,a036710,0.57,0.29,1.63
undefined,a950190,1.00,NaN,1.00
삼영무역 KOSPI,a002810,0.62,0.48,1.64
금화피에스시 KOSDAQ,a036190,0.88,0.45,1.15
노을 KOSDAQ,a376930,2.60,0.35,0.40
AJ네트웍스 KOSPI,a095570,1.22,0.33,0.78
아티스트스튜디오 KOSDAQ,a200350,4.82,0.29,0.22
세종메디칼 KOSDAQ,a258830,7.73,0.10,0.11
무림P&P KOSPI,a009580,1.96,0.39,0.49
현대에버다임 KOSDAQ,a041440,0.89,0.38,1.09
JW홀딩스 KOSPI,a096760,0.67,0.35,1.44
테이팩스 KOSPI,a055490,3.00,0.31,0.32
undefined,a377190,1.00,NaN,1.00
화승인더 KOSPI,a006060,1.33,0.43,0.75
부방 KOSDAQ,a014470,1.39,0.33,0.72
선진 KOSPI,a136490,0.74,0.27,1.29
토니모리 KOSPI,a214420,0.61,0.41,1.80
하나제약 KOSPI,a293480,1.41,0.43,0.69
그린케미칼 KOSPI,a083420,2.04,0.36,0.50
미투온 KOSDAQ,a201490,1.89,0.32,0.56
undefined,a334890,1.00,NaN,1.00
이지바이오 KOSDAQ,a353810,0.59,0.32,1.70
undefined,a383930,1.00,NaN,1.00
undefined,a460850,1.00,NaN,1.00
undefined,a475580,1.00,NaN,1.00
선진뷰티사이언스 KOSDAQ,a086710,0.57,0.32,1.66
코리아에프티 KOSDAQ,a123410,0.41,0.39,2.71
일성건설 KOSPI,a013360,1.58,0.29,0.59
undefined,a340450,1.00,NaN,1.00
undefined,a274400,1.00,NaN,1.00
카이노스메드 KOSDAQ,a284620,3.64,0.27,0.28
대한방직 KOSPI,a001070,8.25,0.11,0.12
한국석유 KOSPI,a004090,0.88,0.40,1.20
KPX홀딩스 KOSPI,a092230,0.62,0.45,1.62
레이언스 KOSDAQ,a228850,1.29,0.25,0.73
덴티스 KOSDAQ,a261200,2.22,0.31,0.41
대한약품 KOSDAQ,a023910,1.01,0.33,0.96
덕양산업 KOSPI,a024900,1.52,0.34,0.65
undefined,a012200,0.24,NaN,4.17
지니언스 KOSDAQ,a263860,0.45,0.35,2.21
한국무브넥스 KOSPI,a010100,0.58,0.29,1.81
SBI인베스트먼트 KOSDAQ,a019550,1.09,0.29,0.90
신세계 I&C KOSPI,a035510,0.91,0.31,1.37
이지케어텍 KOSDAQ,a099750,2.47,0.23,0.40
undefined,a215090,1.00,NaN,1.00
한성크린텍 KOSDAQ,a066980,1.16,0.30,0.86
엑셈 KOSDAQ,a205100,1.01,0.26,0.96
상지건설 KOSDAQ,a042940,0.70,0.40,1.42
오파스넷 KOSDAQ,a173130,0.93,0.47,1.14
서연 KOSPI,a007860,0.55,0.29,1.73
undefined,a373170,1.00,NaN,1.00
undefined,a418470,1.00,NaN,1.00
경농 KOSPI,a002100,0.96,0.47,1.02
광주신세계 KOSPI,a037710,0.92,0.28,1.08
undefined,a464280,1.00,NaN,1.00
한양증권 KOSPI,a001750,0.37,0.38,2.68
모비데이즈 KOSDAQ,a363260,3.92,0.39,0.25
NPC KOSPI,a004250,2.07,0.26,0.46
풍국주정 KOSDAQ,a023900,1.33,0.23,0.73
율호 KOSDAQ,a072770,1.81,0.18,0.53
자이에스앤디 KOSPI,a317400,1.77,0.28,0.56
오리엔트바이오 KOSPI,a002630,1.26,0.21,0.76
성신양회 KOSPI,a004980,1.07,0.36,0.94
동양이엔피 KOSDAQ,a079960,0.58,0.47,1.82
삼화페인트 KOSPI,a000390,0.86,0.35,1.18
삼영엠텍 KOSDAQ,a054540,0.43,0.46,2.51
undefined,a172670,1.00,NaN,1.00
올리패스 KOSDAQ,a244460,11.50,0.44,0.08
원익 KOSDAQ,a032940,0.40,0.34,2.42
제이씨케미칼 KOSDAQ,a137950,2.04,0.22,0.47
LK삼양 KOSDAQ,a225190,1.30,0.24,0.76
아시아나IDT KOSPI,a267850,1.10,0.31,0.93
벽산 KOSPI,a007210,1.06,0.34,0.90
일진다이아 KOSPI,a081000,1.30,0.27,0.74
케이옥션 KOSDAQ,a102370,1.84,0.33,0.56
우리산업 KOSDAQ,a215360,1.58,0.32,0.62
휴먼테크놀로지 KOSDAQ,a175140,2.04,0.30,0.51
화일약품 KOSDAQ,a061250,0.25,0.18,3.77
지아이텍 KOSDAQ,a382480,1.68,0.41,0.57
undefined,a407400,1.00,NaN,1.00
한신기계 KOSPI,a011700,2.13,0.29,0.47
undefined,a138360,1.00,NaN,1.00
KIB플러그에너지 KOSPI,a015590,0.13,0.10,7.51
스코넥 KOSDAQ,a276040,22.00,0.26,0.04
키이스트 KOSDAQ,a054780,3.06,0.22,0.31
undefined,a460470,1.00,NaN,1.00
동양 KOSPI,a001520,1.54,0.24,0.61
인스코비 KOSPI,a006490,3.96,0.14,0.23
아이엘사이언스 KOSDAQ,a307180,0.30,0.21,3.12
미원홀딩스 KOSPI,a107590,1.96,0.10,0.48
undefined,a435570,1.00,NaN,1.00
삼성출판사 KOSPI,a068290,3.73,0.33,0.26
제룡산업 KOSDAQ,a147830,0.33,0.31,3.06
LB루셈 KOSDAQ,a376190,1.76,0.24,0.55
undefined,a487570,1.00,NaN,1.00
undefined,a0030r0,1.00,NaN,1.00
희림 KOSDAQ,a037440,1.34,0.28,0.70
아주스틸 KOSPI,a139990,3.06,0.33,0.32
테고사이언스 KOSDAQ,a191420,1.54,0.24,0.63
AK홀딩스 KOSPI,a006840,1.49,0.35,0.65
퀀타피아 KOSDAQ,a078940,0.29,0.22,3.37
undefined,a105760,1.00,NaN,1.00
에스퓨얼셀 KOSDAQ,a288620,1.92,0.24,0.49
undefined,a418620,1.00,NaN,1.00
동양철관 KOSPI,a008970,0.67,0.47,1.43
빅텍 KOSDAQ,a065450,1.63,0.24,0.59
남화산업 KOSDAQ,a111710,1.86,0.19,0.49
에이플러스에셋 KOSPI,a244920,0.51,0.32,1.87
만호제강 KOSPI,a001080,6.06,1.00,0.17
삼보판지 KOSDAQ,a023600,1.08,0.27,0.90
나노엔텍 KOSDAQ,a039860,1.05,0.23,0.97
대한제분 KOSPI,a001130,10.78,0.38,0.09
undefined,a011690,0.56,NaN,1.80
에스텍 KOSDAQ,a069510,0.58,0.24,1.69
휴맥스 KOSDAQ,a115160,0.46,0.35,2.04
,a164060,0.69,0.38,1.44
피씨엘 KOSDAQ,a241820,10.10,0.43,0.10
대교 KOSPI,a019680,1.83,0.30,0.52
수젠텍 KOSDAQ,a253840,1.95,0.52,0.55
모비스 KOSDAQ,a250060,0.54,0.32,2.15
엠플러스 KOSDAQ,a259630,0.94,0.50,1.09
하이트진로홀딩스 KOSPI,a000140,1.17,0.38,0.83
KPX케미칼 KOSPI,a025000,0.94,0.42,1.05
SJG세종 KOSPI,a033530,0.63,0.45,1.65
하이로닉 KOSDAQ,a149980,0.87,0.27,1.10
한국제지 KOSPI,a027970,1.64,0.29,0.59
아로마티카 KOSDAQ,a0015n0,0.99,NaN,1.00
우림피티에스 KOSDAQ,a101170,0.54,0.33,1.98
undefined,a126730,1.00,NaN,1.00
알에프텍 KOSDAQ,a061040,0.72,0.38,1.51
undefined,a109070,1.00,NaN,1.00
대영포장 KOSPI,a014160,1.56,0.21,0.62
HDC랩스 KOSPI,a039570,0.96,0.37,1.02
현대이지웰 KOSDAQ,a090850,0.97,0.36,1.08
무학 KOSPI,a033920,0.63,0.42,1.59
KSS해운 KOSPI,a044450,0.87,0.21,1.13
팅크웨어 KOSDAQ,a084730,1.83,0.36,0.54
비투엔 KOSDAQ,a307870,1.95,0.33,0.56
오토앤 KOSDAQ,a353590,4.71,0.35,0.21
undefined,a381620,1.00,NaN,1.00
계룡건설 KOSPI,a013580,0.80,0.47,1.27
HLB파나진 KOSDAQ,a046210,2.41,0.23,0.44
에이비프로바이오 KOSDAQ,a195990,0.49,0.22,1.96
진시스템 KOSDAQ,a363250,1.26,0.23,0.74
undefined,a404990,1.00,NaN,1.00
동아화성 KOSDAQ,a041930,1.19,0.39,0.81
에이텍모빌리티 KOSDAQ,a224110,1.30,0.26,0.73
유비쿼스 KOSDAQ,a264450,1.16,0.28,0.86
제일파마홀딩스 KOSPI,a002620,1.17,0.39,0.84
삼영전자 KOSPI,a005680,0.67,0.33,1.47
코다코 KOSDAQ,a046070,1.87,0.31,0.53
피에스텍 KOSDAQ,a002230,0.44,0.16,2.15
고려신용정보 KOSDAQ,a049720,1.31,0.35,0.74
태경비케이 KOSPI,a014580,1.20,0.39,0.83
아미노로직스 KOSDAQ,a074430,1.49,0.34,0.63
오스테오닉 KOSDAQ,a226400,0.51,0.40,2.04
undefined,a289930,1.00,NaN,1.00
에이치피오 KOSDAQ,a357230,1.33,0.37,0.73
한독 KOSPI,a002390,1.58,0.24,0.59
한국공항 KOSPI,a005430,0.42,0.34,2.36
태림포장 KOSPI,a011280,1.26,0.23,0.73
동성케미컬 KOSPI,a102260,1.14,0.42,0.85
샤페론 KOSDAQ,a378800,5.94,0.29,0.16
미원화학 KOSPI,a134380,5.47,0.29,0.17
대창단조 KOSPI,a015230,1.01,0.41,1.06
모나용평 KOSPI,a070960,1.13,0.22,0.85
라온테크 KOSDAQ,a232680,0.52,0.33,1.96
undefined,a303810,1.00,NaN,1.00
인피니트헬스케어 KOSDAQ,a071200,0.62,0.44,1.66
덕우전자 KOSDAQ,a263600,1.15,0.29,0.79
에스씨엠생명과학 KOSDAQ,a298060,1.68,0.50,0.63
엔바이오니아 KOSDAQ,a317870,0.95,0.36,1.05
undefined,a331740,1.00,NaN,1.00
undefined,a044990,1.00,NaN,1.00
중앙에너비스 KOSDAQ,a000440,1.28,0.41,0.79
휴비스 KOSPI,a079980,2.47,0.27,0.45
한울소재과학 KOSDAQ,a091440,0.95,0.38,1.12
엠에스씨 KOSDAQ,a009780,0.79,0.37,1.21
제이스코홀딩스 KOSDAQ,a023440,4.04,0.39,0.27
3S KOSDAQ,a060310,1.48,0.33,0.64
지어소프트 KOSDAQ,a051160,1.22,0.27,0.85
JW생명과학 KOSPI,a234080,1.00,0.42,0.99
노루페인트 KOSPI,a090350,0.99,0.43,1.02
아스플로 KOSDAQ,a159010,0.53,0.29,1.84
undefined,a0004v0,1.00,NaN,1.00
유니켐 KOSPI,a011330,2.38,0.21,0.47
해태제과식품 KOSPI,a101530,0.90,0.31,1.05
태경산업 KOSPI,a015890,1.27,0.39,0.77
엠게임 KOSDAQ,a058630,1.28,0.27,0.76
에스제이그룹 KOSDAQ,a306040,4.33,0.24,0.21
아진엑스텍 KOSDAQ,a059120,1.00,0.30,1.00
undefined,a127980,1.00,NaN,1.00
네온테크 KOSDAQ,a306620,1.09,0.36,0.92
DMS KOSDAQ,a068790,0.72,0.46,1.37
티라유텍 KOSDAQ,a322180,0.36,0.30,2.81
동아지질 KOSPI,a028100,0.89,0.48,1.14
수산아이앤티 KOSDAQ,a050960,1.29,0.30,0.78
한국경제TV KOSDAQ,a039340,1.04,0.33,0.92
유니온머티리얼 KOSPI,a047400,2.47,0.30,0.43
EDGC KOSDAQ,a245620,4.28,0.38,0.25
유신 KOSDAQ,a054930,1.81,0.29,0.53
undefined,a451250,1.00,NaN,1.00
홈센타홀딩스 KOSDAQ,a060560,0.44,0.20,2.17
나우IB KOSDAQ,a293580,0.39,1.00,2.58
에스피시스템스 KOSDAQ,a317830,1.02,0.26,1.01
진흥기업 KOSPI,a002780,1.30,0.38,0.80
금강공업 KOSPI,a014280,1.16,0.39,0.91
평화홀딩스 KOSPI,a010770,0.71,0.29,1.56
엔지켐생명과학 KOSDAQ,a183490,2.27,0.38,0.49
undefined,a382150,1.00,NaN,1.00
NI스틸 KOSPI,a008260,1.28,0.33,0.79
엘컴텍 KOSDAQ,a037950,0.26,0.42,3.63
한컴위드 KOSDAQ,a054920,0.68,0.33,1.49
와이엔텍 KOSDAQ,a067900,1.22,0.28,0.80
경보제약 KOSPI,a214390,0.98,0.24,1.07
로보로보 KOSDAQ,a215100,1.17,0.33,0.92
undefined,a360350,1.00,NaN,1.00
유수홀딩스 KOSPI,a000700,1.25,0.38,0.79
경인양행 KOSPI,a012610,0.96,0.38,1.06
undefined,a460870,1.00,NaN,1.00
메타바이오메드 KOSDAQ,a059210,0.59,0.40,1.77
제이엔케이글로벌 KOSDAQ,a126880,1.65,0.35,0.60
코텍 KOSDAQ,a052330,0.80,0.33,1.24
국보디자인 KOSDAQ,a066620,0.63,0.30,1.54
세보엠이씨 KOSDAQ,a011560,0.31,0.33,3.23
한세예스24홀딩스 KOSPI,a016450,0.98,0.22,0.98
undefined,a032860,1.00,NaN,1.00
EG KOSDAQ,a037370,1.52,0.27,0.61
아모센스 KOSDAQ,a357580,1.01,0.48,1.04
미창석유 KOSPI,a003650,0.59,0.27,1.64
메가스터디 KOSDAQ,a072870,0.87,0.39,1.13
예스24 KOSDAQ,a053280,1.69,0.21,0.59
JW신약 KOSDAQ,a067290,1.98,0.29,0.49
금호에이치티 KOSPI,a214330,0.54,0.28,2.88
이구산업 KOSPI,a025820,0.58,0.39,1.68
바이오에프디엔씨 KOSDAQ,a251120,1.55,0.33,0.64
undefined,a420570,1.00,NaN,1.00
세아특수강 KOSPI,a019440,0.99,0.30,1.00
하이퍼코퍼레이션 KOSDAQ,a065650,0.61,0.52,1.71
라온피플 KOSDAQ,a300120,7.29,0.29,0.14
현대리바트 KOSPI,a079430,1.23,0.33,0.82
